%time,field.header.seq,field.header.stamp,field.header.frame_id,field.latitude,field.longitude,field.altitude,field.utm_easting,field.utm_northing,field.zone,field.letter
1695935528330200952,13,211209000000000,GPS1_Frame,42.33818435668945,-71.08845520019531,34.79999923706055,327954.34375,4689438.0,19,T
1695935529330620676,14,211210000000000,GPS1_Frame,42.33818435668945,-71.08845520019531,35.0,327954.34375,4689438.0,19,T
1695935530331091191,15,211211000000000,GPS1_Frame,42.33818817138672,-71.08845520019531,35.099998474121094,327954.625,4689438.0,19,T
1695935531331648736,16,211212000000000,GPS1_Frame,42.33818817138672,-71.08844757080078,35.0,327954.78125,4689438.5,19,T
1695935532331775210,17,211213000000000,GPS1_Frame,42.33818817138672,-71.08844757080078,35.0,327954.78125,4689438.5,19,T
1695935533331135461,18,211214000000000,GPS1_Frame,42.338191986083984,-71.08844757080078,35.0,327954.78125,4689438.5,19,T
1695935534331867388,19,211215000000000,GPS1_Frame,42.338191986083984,-71.08845520019531,35.0,327954.375,4689438.5,19,T
1695935535331965807,20,211216000000000,GPS1_Frame,42.33818817138672,-71.08846282958984,35.0,327953.8125,4689438.5,19,T
1695935536329103487,21,211217000000000,GPS1_Frame,42.338191986083984,-71.08846282958984,35.0,327953.53125,4689438.5,19,T
1695935537329141070,22,211218000000000,GPS1_Frame,42.338191986083984,-71.08847045898438,35.0,327953.28125,4689438.5,19,T
1695935538331852505,23,211219000000000,GPS1_Frame,42.338191986083984,-71.08847045898438,34.900001525878906,327953.0,4689438.5,19,T
1695935539347795769,24,211220000000000,GPS1_Frame,42.33818817138672,-71.0884780883789,34.79999923706055,327952.4375,4689438.5,19,T
1695935540347682523,25,211221000000000,GPS1_Frame,42.33818817138672,-71.08848571777344,34.70000076293945,327952.03125,4689438.5,19,T
1695935541343977160,26,211222000000000,GPS1_Frame,42.33818817138672,-71.08848571777344,34.70000076293945,327951.625,4689438.5,19,T
1695935542343668762,27,211223000000000,GPS1_Frame,42.33818817138672,-71.08849334716797,34.70000076293945,327951.46875,4689438.5,19,T
1695935543344531984,28,211224000000000,GPS1_Frame,42.33818817138672,-71.08849334716797,34.79999923706055,327951.34375,4689438.5,19,T
1695935544342227149,29,211225000000000,GPS1_Frame,42.338191986083984,-71.08849334716797,34.79999923706055,327951.21875,4689439.0,19,T
1695935545344505010,30,211226000000000,GPS1_Frame,42.338191986083984,-71.08849334716797,34.70000076293945,327950.9375,4689439.0,19,T
1695935546343168203,31,211227000000000,GPS1_Frame,42.338191986083984,-71.08849334716797,34.70000076293945,327951.21875,4689439.0,19,T
1695935547341891691,32,211228000000000,GPS1_Frame,42.338191986083984,-71.08849334716797,34.70000076293945,327951.21875,4689439.0,19,T
1695935548342804413,33,211229000000000,GPS1_Frame,42.33819580078125,-71.08849334716797,34.70000076293945,327951.34375,4689439.0,19,T
1695935549344347676,34,211230000000000,GPS1_Frame,42.33819580078125,-71.08849334716797,34.70000076293945,327950.9375,4689439.5,19,T
1695935550341902709,35,211231000000000,GPS1_Frame,42.338199615478516,-71.0885009765625,34.70000076293945,327950.6875,4689439.5,19,T
1695935551341912654,36,211232000000000,GPS1_Frame,42.338199615478516,-71.0885009765625,34.70000076293945,327950.53125,4689439.5,19,T
1695935552341892017,37,211233000000000,GPS1_Frame,42.33820343017578,-71.0885009765625,34.70000076293945,327950.4375,4689440.5,19,T
1695935553341941723,38,211234000000000,GPS1_Frame,42.33821487426758,-71.08851623535156,34.599998474121094,327949.625,4689441.0,19,T
1695935554343197236,39,211235000000000,GPS1_Frame,42.33822250366211,-71.08851623535156,34.5,327949.65625,4689442.0,19,T
1695935555342955758,40,211236000000000,GPS1_Frame,42.338226318359375,-71.0885009765625,34.20000076293945,327950.75,4689442.5,19,T
1695935556344593349,41,211237000000000,GPS1_Frame,42.338218688964844,-71.0885009765625,33.79999923706055,327950.71875,4689441.5,19,T
1695935557344316521,42,211238000000000,GPS1_Frame,42.33822250366211,-71.08848571777344,33.29999923706055,327951.71875,4689442.0,19,T
1695935558329621204,43,211239000000000,GPS1_Frame,42.33821487426758,-71.0884780883789,32.599998474121094,327952.21875,4689441.0,19,T
1695935559346688174,44,211240000000000,GPS1_Frame,42.33821487426758,-71.0884780883789,32.79999923706055,327952.65625,4689441.5,19,T
1695935560330629185,45,211241000000000,GPS1_Frame,42.33821487426758,-71.0884780883789,32.5,327952.78125,4689441.0,19,T
1695935561348282743,46,211242000000000,GPS1_Frame,42.33821487426758,-71.08847045898438,32.599998474121094,327953.34375,4689441.0,19,T
1695935562347919611,47,211243000000000,GPS1_Frame,42.33821487426758,-71.08845520019531,33.0,327954.15625,4689441.0,19,T
1695935563330994644,48,211244000000000,GPS1_Frame,42.33821487426758,-71.08845520019531,33.20000076293945,327954.5625,4689441.0,19,T
1695935564330801915,49,211245000000000,GPS1_Frame,42.33821487426758,-71.08844757080078,33.5,327954.84375,4689441.0,19,T
1695935565330101521,50,211246000000000,GPS1_Frame,42.33821487426758,-71.08843994140625,33.900001525878906,327955.53125,4689441.5,19,T
1695935566329893285,51,211247000000000,GPS1_Frame,42.33821487426758,-71.08843231201172,33.79999923706055,327956.34375,4689441.5,19,T
1695935567329367165,52,211248000000000,GPS1_Frame,42.33821487426758,-71.08842468261719,33.20000076293945,327956.78125,4689441.5,19,T
1695935568329548692,53,211249000000000,GPS1_Frame,42.33821487426758,-71.08842468261719,32.400001525878906,327957.03125,4689441.0,19,T
1695935569328682931,54,211250000000000,GPS1_Frame,42.338218688964844,-71.08841705322266,32.20000076293945,327957.59375,4689441.5,19,T
1695935570331617182,55,211251000000000,GPS1_Frame,42.33821487426758,-71.08841705322266,32.400001525878906,327957.59375,4689441.5,19,T
1695935571331799841,56,211252000000000,GPS1_Frame,42.338218688964844,-71.08841705322266,32.29999923706055,327957.46875,4689442.0,19,T
1695935572334699122,57,211253000000000,GPS1_Frame,42.338226318359375,-71.08843231201172,33.20000076293945,327956.125,4689442.5,19,T
1695935573334886371,58,211254000000000,GPS1_Frame,42.33823776245117,-71.08844757080078,34.5,327955.03125,4689443.5,19,T
1695935574335859260,59,211255000000000,GPS1_Frame,42.338233947753906,-71.08844757080078,34.400001525878906,327955.3125,4689443.5,19,T
1695935575335639855,60,211256000000000,GPS1_Frame,42.338233947753906,-71.08844757080078,34.099998474121094,327955.03125,4689443.5,19,T
1695935576335371177,61,211257000000000,GPS1_Frame,42.33823013305664,-71.08844757080078,33.70000076293945,327955.3125,4689443.0,19,T
1695935577336069770,62,211258000000000,GPS1_Frame,42.33823013305664,-71.08843994140625,33.099998474121094,327955.4375,4689443.0,19,T
1695935578335621303,63,211259000000000,GPS1_Frame,42.33823013305664,-71.08843994140625,32.599998474121094,327955.4375,4689443.0,19,T
1695935579333186661,64,211300000000000,GPS1_Frame,42.33823013305664,-71.08843994140625,32.20000076293945,327955.71875,4689443.0,19,T
1695935580332592248,65,211301000000000,GPS1_Frame,42.338233947753906,-71.08843994140625,32.099998474121094,327955.4375,4689443.5,19,T
1695935581331904370,66,211302000000000,GPS1_Frame,42.33823776245117,-71.08843994140625,32.0,327955.875,4689444.0,19,T
1695935582333998819,67,211303000000000,GPS1_Frame,42.33824157714844,-71.08843994140625,31.799999237060547,327955.875,4689444.0,19,T
1695935583331439321,68,211304000000000,GPS1_Frame,42.33823776245117,-71.08843231201172,31.700000762939453,327956.15625,4689444.0,19,T
1695935584330634594,69,211305000000000,GPS1_Frame,42.33823776245117,-71.08842468261719,31.5,327956.96875,4689444.0,19,T
1695935585331652666,70,211306000000000,GPS1_Frame,42.33824157714844,-71.08841705322266,31.399999618530273,327957.53125,4689444.0,19,T
1695935586334611419,71,211307000000000,GPS1_Frame,42.33823776245117,-71.08841705322266,31.200000762939453,327957.78125,4689444.0,19,T
1695935587336007246,72,211308000000000,GPS1_Frame,42.33823776245117,-71.08841705322266,31.200000762939453,327957.78125,4689444.0,19,T
1695935588334998151,73,211309000000000,GPS1_Frame,42.33823776245117,-71.0884017944336,30.799999237060547,327958.625,4689443.5,19,T
1695935589349825771,74,211310000000000,GPS1_Frame,42.33823776245117,-71.08839416503906,30.700000762939453,327959.3125,4689443.5,19,T
1695935590334502797,75,211311000000000,GPS1_Frame,42.33823776245117,-71.0884017944336,30.700000762939453,327959.15625,4689443.5,19,T
1695935591352214718,76,211312000000000,GPS1_Frame,42.33823776245117,-71.0884017944336,30.700000762939453,327959.15625,4689443.5,19,T
1695935592352666800,77,211313000000000,GPS1_Frame,42.33823776245117,-71.08839416503906,30.399999618530273,327959.4375,4689443.5,19,T
1695935593352419867,78,211314000000000,GPS1_Frame,42.33823776245117,-71.08839416503906,30.399999618530273,327959.4375,4689443.5,19,T
1695935594350804771,79,211315000000000,GPS1_Frame,42.33823776245117,-71.08839416503906,30.399999618530273,327959.4375,4689443.5,19,T
1695935595335621584,80,211316000000000,GPS1_Frame,42.33823776245117,-71.08839416503906,30.399999618530273,327959.4375,4689443.5,19,T
1695935596351819938,81,211317000000000,GPS1_Frame,42.33823776245117,-71.08839416503906,30.299999237060547,327959.4375,4689443.5,19,T
1695935597350191579,82,211318000000000,GPS1_Frame,42.33823776245117,-71.08839416503906,30.5,327959.5625,4689443.5,19,T
1695935598352189428,83,211319000000000,GPS1_Frame,42.33823776245117,-71.08839416503906,30.5,327959.5625,4689443.5,19,T
1695935599348556795,84,211320000000000,GPS1_Frame,42.33824157714844,-71.08839416503906,30.399999618530273,327959.71875,4689444.0,19,T
1695935600349444277,85,211321000000000,GPS1_Frame,42.33824157714844,-71.08838653564453,30.399999618530273,327959.84375,4689444.0,19,T
1695935601349411468,86,211322000000000,GPS1_Frame,42.33824157714844,-71.08838653564453,30.5,327959.84375,4689444.0,19,T
1695935602347767250,87,211323000000000,GPS1_Frame,42.33824157714844,-71.08838653564453,30.5,327959.84375,4689444.0,19,T
1695935603348561664,88,211324000000000,GPS1_Frame,42.33823776245117,-71.08838653564453,30.299999237060547,327960.0,4689443.5,19,T
1695935604348614342,89,211325000000000,GPS1_Frame,42.33823776245117,-71.08838653564453,30.200000762939453,327960.0,4689443.5,19,T
1695935605350630403,90,211326000000000,GPS1_Frame,42.33823776245117,-71.08838653564453,30.299999237060547,327960.0,4689443.5,19,T
1695935606359108142,91,211327000000000,GPS1_Frame,42.33824157714844,-71.08838653564453,30.200000762939453,327960.125,4689444.0,19,T
1695935607349849893,92,211328000000000,GPS1_Frame,42.33824157714844,-71.08838653564453,30.200000762939453,327960.125,4689444.0,19,T
1695935608349425861,93,211329000000000,GPS1_Frame,42.33824157714844,-71.08838653564453,30.100000381469727,327960.28125,4689444.5,19,T
1695935609332541954,94,211330000000000,GPS1_Frame,42.33824157714844,-71.08838653564453,30.0,327960.0,4689444.5,19,T
1695935610348895511,95,211331000000000,GPS1_Frame,42.33823776245117,-71.08839416503906,30.200000762939453,327959.5625,4689443.5,19,T
1695935611333910327,96,211332000000000,GPS1_Frame,42.33824157714844,-71.08839416503906,30.200000762939453,327959.71875,4689444.0,19,T
1695935612348553798,97,211333000000000,GPS1_Frame,42.33824157714844,-71.08839416503906,30.200000762939453,327959.71875,4689444.0,19,T
1695935613348549030,98,211334000000000,GPS1_Frame,42.33824157714844,-71.08839416503906,30.200000762939453,327959.59375,4689444.0,19,T
1695935614333635766,99,211335000000000,GPS1_Frame,42.33824157714844,-71.08839416503906,30.200000762939453,327959.59375,4689444.0,19,T
1695935615332766501,100,211336000000000,GPS1_Frame,42.33824157714844,-71.08839416503906,30.200000762939453,327959.59375,4689444.0,19,T
1695935616335787596,101,211337000000000,GPS1_Frame,42.3382453918457,-71.08839416503906,30.600000381469727,327959.3125,4689444.5,19,T
1695935617335973128,102,211338000000000,GPS1_Frame,42.3382568359375,-71.0884017944336,31.100000381469727,327958.9375,4689445.5,19,T
1695935618336004602,103,211339000000000,GPS1_Frame,42.338260650634766,-71.0884017944336,31.200000762939453,327958.96875,4689446.5,19,T
1695935619336525898,104,211340000000000,GPS1_Frame,42.338260650634766,-71.0884017944336,31.299999237060547,327959.21875,4689446.0,19,T
1695935620335845581,105,211341000000000,GPS1_Frame,42.3382682800293,-71.0884017944336,31.600000381469727,327959.25,4689447.0,19,T
1695935621334909258,106,211342000000000,GPS1_Frame,42.3382682800293,-71.0884017944336,31.5,327959.09375,4689447.0,19,T
1695935622335714558,107,211343000000000,GPS1_Frame,42.3382682800293,-71.0884017944336,31.399999618530273,327959.09375,4689447.0,19,T
1695935623333738886,108,211344000000000,GPS1_Frame,42.3382682800293,-71.0884017944336,31.200000762939453,327959.125,4689447.5,19,T
1695935624333988664,109,211345000000000,GPS1_Frame,42.3382682800293,-71.0884017944336,31.0,327959.25,4689447.5,19,T
1695935625334282436,110,211346000000000,GPS1_Frame,42.33827209472656,-71.0884017944336,30.700000762939453,327959.125,4689447.5,19,T
1695935626334647840,111,211347000000000,GPS1_Frame,42.33827209472656,-71.0884017944336,30.700000762939453,327959.125,4689447.5,19,T
1695935627335083345,112,211348000000000,GPS1_Frame,42.33827209472656,-71.0884017944336,30.799999237060547,327958.84375,4689447.5,19,T
1695935628335574776,113,211349000000000,GPS1_Frame,42.33827209472656,-71.08840942382812,30.600000381469727,327958.28125,4689447.5,19,T
1695935629334867050,114,211350000000000,GPS1_Frame,42.33827209472656,-71.08841705322266,30.899999618530273,327957.875,4689447.5,19,T
1695935630336207658,115,211351000000000,GPS1_Frame,42.33827209472656,-71.08841705322266,30.899999618530273,327957.75,4689447.5,19,T
1695935631335649520,116,211352000000000,GPS1_Frame,42.3382682800293,-71.08842468261719,31.0,327957.34375,4689447.5,19,T
1695935632335840247,117,211353000000000,GPS1_Frame,42.33826446533203,-71.08842468261719,31.100000381469727,327956.90625,4689447.0,19,T
1695935633336004016,118,211354000000000,GPS1_Frame,42.33826446533203,-71.08842468261719,31.100000381469727,327956.75,4689446.5,19,T
1695935634335622046,119,211355000000000,GPS1_Frame,42.3382568359375,-71.08843231201172,31.200000762939453,327956.1875,4689446.0,19,T
1695935635336376170,120,211356000000000,GPS1_Frame,42.3382568359375,-71.08843994140625,31.200000762939453,327955.5,4689445.5,19,T
1695935636334848994,121,211357000000000,GPS1_Frame,42.3382568359375,-71.08843994140625,31.299999237060547,327955.5,4689446.0,19,T
1695935637334789581,122,211358000000000,GPS1_Frame,42.3382568359375,-71.08843994140625,31.5,327955.5,4689445.5,19,T
1695935638333901038,123,211359000000000,GPS1_Frame,42.338253021240234,-71.08844757080078,31.600000381469727,327955.34375,4689445.5,19,T
1695935639333986534,124,211400000000000,GPS1_Frame,42.338253021240234,-71.08843994140625,31.899999618530273,327955.625,4689445.5,19,T
1695935640350616351,125,211401000000000,GPS1_Frame,42.3382568359375,-71.08843994140625,32.0,327956.0625,4689446.0,19,T
1695935641334219062,126,211402000000000,GPS1_Frame,42.33827209472656,-71.08843231201172,32.0,327956.375,4689447.5,19,T
1695935642349371797,127,211403000000000,GPS1_Frame,42.33827209472656,-71.08843231201172,32.20000076293945,327956.65625,4689447.5,19,T
1695935643349044150,128,211404000000000,GPS1_Frame,42.33827590942383,-71.08842468261719,32.400001525878906,327957.0625,4689448.0,19,T
1695935644347962933,129,211405000000000,GPS1_Frame,42.33828353881836,-71.08841705322266,32.400001525878906,327957.625,4689449.0,19,T
1695935645348034469,130,211406000000000,GPS1_Frame,42.338287353515625,-71.08840942382812,32.29999923706055,327958.34375,4689449.5,19,T
1695935646334376938,131,211407000000000,GPS1_Frame,42.33829116821289,-71.0884017944336,32.400001525878906,327958.75,4689449.5,19,T
1695935647349899857,132,211408000000000,GPS1_Frame,42.338287353515625,-71.0884017944336,32.400001525878906,327958.75,4689449.5,19,T
1695935648349374502,133,211409000000000,GPS1_Frame,42.338294982910156,-71.0884017944336,32.29999923706055,327958.78125,4689450.0,19,T
1695935649348574866,134,211410000000000,GPS1_Frame,42.33829879760742,-71.0884017944336,32.400001525878906,327959.0625,4689450.5,19,T
1695935650349233222,135,211411000000000,GPS1_Frame,42.33830261230469,-71.0884017944336,32.400001525878906,327959.1875,4689451.0,19,T
1695935651348034175,136,211412000000000,GPS1_Frame,42.33829879760742,-71.0884017944336,32.5,327958.78125,4689450.5,19,T
1695935652347942331,137,211413000000000,GPS1_Frame,42.33829116821289,-71.08842468261719,32.79999923706055,327957.25,4689449.5,19,T
1695935653346439529,138,211414000000000,GPS1_Frame,42.338287353515625,-71.08843231201172,32.900001525878906,327956.40625,4689449.0,19,T
1695935654348024950,139,211415000000000,GPS1_Frame,42.33828353881836,-71.08843231201172,32.79999923706055,327956.53125,4689449.0,19,T
1695935655351377839,140,211416000000000,GPS1_Frame,42.33828353881836,-71.08843231201172,32.79999923706055,327956.53125,4689449.0,19,T
1695935656350775475,141,211417000000000,GPS1_Frame,42.33828353881836,-71.08843231201172,32.79999923706055,327956.53125,4689449.0,19,T
1695935657350121832,142,211418000000000,GPS1_Frame,42.33828353881836,-71.08843231201172,32.79999923706055,327956.53125,4689449.0,19,T
1695935658351743383,143,211419000000000,GPS1_Frame,42.33828353881836,-71.08843231201172,32.79999923706055,327956.53125,4689449.0,19,T
1695935659350428396,144,211420000000000,GPS1_Frame,42.33828353881836,-71.08843231201172,32.79999923706055,327956.53125,4689449.0,19,T
1695935660334837637,145,211421000000000,GPS1_Frame,42.33828353881836,-71.08843231201172,32.79999923706055,327956.53125,4689449.0,19,T
1695935661351094995,146,211422000000000,GPS1_Frame,42.33828353881836,-71.08843231201172,32.79999923706055,327956.53125,4689449.0,19,T
1695935662334544525,147,211423000000000,GPS1_Frame,42.338279724121094,-71.08843231201172,32.900001525878906,327956.25,4689448.5,19,T
1695935663351443012,148,211424000000000,GPS1_Frame,42.338279724121094,-71.08843994140625,33.099998474121094,327955.71875,4689448.5,19,T
1695935664368284756,149,211425000000000,GPS1_Frame,42.33827590942383,-71.08844757080078,33.20000076293945,327955.0,4689448.0,19,T
1695935665330773909,150,211426000000000,GPS1_Frame,42.33827590942383,-71.08844757080078,33.20000076293945,327955.0,4689448.0,19,T
1695935666332328413,151,211427000000000,GPS1_Frame,42.33827590942383,-71.08844757080078,33.20000076293945,327955.0,4689448.0,19,T
1695935667330245092,152,211428000000000,GPS1_Frame,42.33827590942383,-71.08844757080078,33.20000076293945,327955.0,4689448.0,19,T
1695935668329427947,153,211429000000000,GPS1_Frame,42.33827590942383,-71.08844757080078,33.20000076293945,327955.0,4689448.0,19,T
1695935669329361126,154,211430000000000,GPS1_Frame,42.33827590942383,-71.08845520019531,33.20000076293945,327954.71875,4689448.0,19,T
1695935670331699167,155,211431000000000,GPS1_Frame,42.33827590942383,-71.08845520019531,33.20000076293945,327954.3125,4689448.0,19,T
1695935671332014497,156,211432000000000,GPS1_Frame,42.3382682800293,-71.08846282958984,33.599998474121094,327954.03125,4689447.5,19,T
1695935672332580450,157,211433000000000,GPS1_Frame,42.3382682800293,-71.08846282958984,33.5,327954.03125,4689447.5,19,T
1695935673333186019,158,211434000000000,GPS1_Frame,42.3382682800293,-71.08846282958984,33.5,327954.03125,4689447.5,19,T
1695935674332552757,159,211435000000000,GPS1_Frame,42.3382682800293,-71.08846282958984,33.5,327954.03125,4689447.5,19,T
1695935675331794127,160,211436000000000,GPS1_Frame,42.3382682800293,-71.08846282958984,33.599998474121094,327954.03125,4689447.5,19,T
1695935676332060465,161,211437000000000,GPS1_Frame,42.3382682800293,-71.08846282958984,33.599998474121094,327954.03125,4689447.5,19,T
1695935677331444032,162,211438000000000,GPS1_Frame,42.3382682800293,-71.08846282958984,33.599998474121094,327954.03125,4689447.5,19,T
1695935678330523800,163,211439000000000,GPS1_Frame,42.3382682800293,-71.08846282958984,33.599998474121094,327954.03125,4689447.5,19,T
1695935679329252186,164,211440000000000,GPS1_Frame,42.3382682800293,-71.08846282958984,33.599998474121094,327954.03125,4689447.5,19,T
1695935680329612977,165,211441000000000,GPS1_Frame,42.3382682800293,-71.08846282958984,33.599998474121094,327954.03125,4689447.5,19,T
1695935681329754753,166,211442000000000,GPS1_Frame,42.3382682800293,-71.08846282958984,33.599998474121094,327954.03125,4689447.5,19,T
1695935682330288432,167,211443000000000,GPS1_Frame,42.3382682800293,-71.08846282958984,33.599998474121094,327954.03125,4689447.5,19,T
1695935683329250089,168,211444000000000,GPS1_Frame,42.3382682800293,-71.08846282958984,33.599998474121094,327954.03125,4689447.5,19,T
1695935684329212878,169,211445000000000,GPS1_Frame,42.3382682800293,-71.08846282958984,33.5,327954.03125,4689447.5,19,T
1695935685330295706,170,211446000000000,GPS1_Frame,42.3382682800293,-71.08846282958984,33.599998474121094,327954.03125,4689447.5,19,T
1695935686330413588,171,211447000000000,GPS1_Frame,42.3382682800293,-71.08846282958984,33.599998474121094,327954.03125,4689447.5,19,T
1695935687329850191,172,211448000000000,GPS1_Frame,42.3382682800293,-71.08846282958984,33.599998474121094,327954.03125,4689447.5,19,T
1695935688328743827,173,211449000000000,GPS1_Frame,42.3382682800293,-71.08846282958984,33.5,327954.03125,4689447.0,19,T
1695935689329406146,174,211450000000000,GPS1_Frame,42.3382682800293,-71.08846282958984,33.5,327954.03125,4689447.0,19,T
1695935690345819935,175,211451000000000,GPS1_Frame,42.33826446533203,-71.08846282958984,33.5,327954.15625,4689446.5,19,T
1695935691328876115,176,211452000000000,GPS1_Frame,42.3382568359375,-71.08845520019531,33.599998474121094,327954.28125,4689446.0,19,T
1695935692344324169,177,211453000000000,GPS1_Frame,42.338260650634766,-71.08845520019531,33.70000076293945,327954.5625,4689446.5,19,T
1695935693346594283,178,211454000000000,GPS1_Frame,42.338260650634766,-71.08845520019531,33.79999923706055,327954.5625,4689446.5,19,T
1695935694331437608,179,211455000000000,GPS1_Frame,42.3382568359375,-71.08845520019531,33.79999923706055,327954.53125,4689445.5,19,T
1695935695346318789,180,211456000000000,GPS1_Frame,42.33824920654297,-71.08845520019531,33.900001525878906,327954.65625,4689445.0,19,T
1695935696346080023,181,211457000000000,GPS1_Frame,42.33824920654297,-71.08845520019531,34.099998474121094,327954.65625,4689445.0,19,T
1695935697329545773,182,211458000000000,GPS1_Frame,42.33824920654297,-71.08845520019531,34.29999923706055,327954.375,4689445.0,19,T
1695935698347582147,183,211459000000000,GPS1_Frame,42.33824920654297,-71.08845520019531,34.400001525878906,327954.53125,4689445.0,19,T
1695935699347894624,184,211500000000000,GPS1_Frame,42.3382453918457,-71.08845520019531,34.400001525878906,327954.5,4689444.5,19,T
1695935700347624534,185,211501000000000,GPS1_Frame,42.3382453918457,-71.08845520019531,34.5,327954.5,4689444.5,19,T
1695935701346918808,186,211502000000000,GPS1_Frame,42.3382453918457,-71.08845520019531,34.599998474121094,327954.78125,4689445.0,19,T
1695935702347937016,187,211503000000000,GPS1_Frame,42.3382453918457,-71.08844757080078,34.599998474121094,327954.9375,4689444.5,19,T
1695935703347944197,188,211504000000000,GPS1_Frame,42.3382453918457,-71.08844757080078,34.599998474121094,327954.9375,4689444.5,19,T
1695935704347879202,189,211505000000000,GPS1_Frame,42.3382453918457,-71.08844757080078,34.599998474121094,327954.9375,4689444.5,19,T
1695935705347427585,190,211506000000000,GPS1_Frame,42.3382453918457,-71.08844757080078,34.599998474121094,327954.9375,4689444.5,19,T
1695935706346919084,191,211507000000000,GPS1_Frame,42.3382453918457,-71.08844757080078,34.599998474121094,327954.9375,4689444.5,19,T
1695935707347067575,192,211508000000000,GPS1_Frame,42.3382453918457,-71.08844757080078,34.599998474121094,327954.9375,4689444.5,19,T
1695935708346958870,193,211509000000000,GPS1_Frame,42.3382453918457,-71.08844757080078,34.599998474121094,327954.9375,4689444.5,19,T
1695935709347179336,194,211510000000000,GPS1_Frame,42.3382453918457,-71.08844757080078,34.599998474121094,327954.9375,4689444.5,19,T
1695935710347170369,195,211511000000000,GPS1_Frame,42.3382453918457,-71.08844757080078,34.599998474121094,327954.9375,4689444.5,19,T
1695935711331419196,196,211512000000000,GPS1_Frame,42.3382453918457,-71.08844757080078,34.599998474121094,327954.9375,4689444.5,19,T
1695935712348416135,197,211513000000000,GPS1_Frame,42.3382453918457,-71.08844757080078,34.599998474121094,327954.9375,4689444.5,19,T
1695935713332320833,198,211514000000000,GPS1_Frame,42.3382453918457,-71.08844757080078,34.599998474121094,327954.9375,4689444.5,19,T
1695935714331560817,199,211515000000000,GPS1_Frame,42.3382453918457,-71.08844757080078,34.599998474121094,327954.9375,4689444.5,19,T
1695935715348236359,200,211516000000000,GPS1_Frame,42.3382453918457,-71.08844757080078,34.599998474121094,327954.9375,4689444.5,19,T
1695935716349285326,201,211517000000000,GPS1_Frame,42.3382453918457,-71.08844757080078,34.599998474121094,327954.9375,4689444.5,19,T
1695935717332087540,202,211518000000000,GPS1_Frame,42.3382453918457,-71.08845520019531,34.29999923706055,327954.78125,4689445.0,19,T
1695935718332387586,203,211519000000000,GPS1_Frame,42.3382453918457,-71.08844757080078,34.5,327955.0625,4689445.0,19,T
1695935719329381603,204,211520000000000,GPS1_Frame,42.33824920654297,-71.08843994140625,34.5,327955.75,4689445.0,19,T
1695935720329741792,205,211521000000000,GPS1_Frame,42.3382453918457,-71.08843231201172,34.599998474121094,327956.15625,4689444.5,19,T
1695935721329019972,206,211522000000000,GPS1_Frame,42.33824920654297,-71.08843231201172,34.599998474121094,327956.15625,4689445.0,19,T
1695935722328580328,207,211523000000000,GPS1_Frame,42.33824920654297,-71.08843231201172,34.599998474121094,327956.15625,4689445.0,19,T
1695935723328588462,208,211524000000000,GPS1_Frame,42.33824920654297,-71.08843231201172,34.599998474121094,327956.15625,4689445.0,19,T
1695935724329472642,209,211525000000000,GPS1_Frame,42.33824920654297,-71.08843231201172,34.599998474121094,327956.15625,4689445.0,19,T
1695935725329833219,210,211526000000000,GPS1_Frame,42.33824920654297,-71.08843231201172,34.599998474121094,327956.15625,4689445.0,19,T
1695935726330368581,211,211527000000000,GPS1_Frame,42.33824920654297,-71.08843231201172,34.599998474121094,327956.15625,4689445.0,19,T
1695935727330375359,212,211528000000000,GPS1_Frame,42.33824920654297,-71.08843231201172,34.599998474121094,327956.15625,4689445.0,19,T
1695935728330069478,213,211529000000000,GPS1_Frame,42.33824920654297,-71.08843231201172,34.599998474121094,327956.15625,4689445.0,19,T
1695935729330258675,214,211530000000000,GPS1_Frame,42.33824920654297,-71.08843231201172,34.599998474121094,327956.15625,4689445.0,19,T
1695935730329918885,215,211531000000000,GPS1_Frame,42.33824920654297,-71.08843231201172,34.599998474121094,327956.15625,4689445.0,19,T
1695935731329956546,216,211532000000000,GPS1_Frame,42.33824920654297,-71.08843231201172,34.599998474121094,327956.15625,4689445.0,19,T
1695935732328927132,217,211533000000000,GPS1_Frame,42.33824920654297,-71.08843231201172,34.599998474121094,327956.15625,4689445.0,19,T
1695935733329881950,218,211534000000000,GPS1_Frame,42.33824920654297,-71.08843231201172,34.599998474121094,327956.15625,4689445.0,19,T
1695935734328626471,219,211535000000000,GPS1_Frame,42.33824920654297,-71.08843231201172,34.599998474121094,327956.15625,4689445.0,19,T
1695935735328622770,220,211536000000000,GPS1_Frame,42.33824920654297,-71.08843231201172,34.599998474121094,327956.15625,4689445.0,19,T
1695935736324953324,221,211537000000000,GPS1_Frame,42.33824920654297,-71.08843231201172,34.599998474121094,327956.15625,4689445.0,19,T
1695935737325719187,222,211538000000000,GPS1_Frame,42.33824920654297,-71.08843231201172,34.599998474121094,327956.15625,4689445.0,19,T
1695935738329533955,223,211539000000000,GPS1_Frame,42.33824920654297,-71.08843231201172,34.599998474121094,327956.15625,4689445.0,19,T
1695935739331119557,224,211540000000000,GPS1_Frame,42.33824920654297,-71.08843231201172,34.599998474121094,327956.15625,4689445.0,19,T
1695935740332140134,225,211541000000000,GPS1_Frame,42.33824920654297,-71.08843231201172,34.599998474121094,327956.15625,4689445.0,19,T
1695935741348092095,226,211542000000000,GPS1_Frame,42.33824920654297,-71.08843231201172,34.599998474121094,327956.15625,4689445.0,19,T
1695935742333168701,227,211543000000000,GPS1_Frame,42.33824920654297,-71.08843231201172,34.599998474121094,327956.15625,4689445.0,19,T
1695935743347787226,228,211544000000000,GPS1_Frame,42.33824920654297,-71.08843231201172,34.599998474121094,327956.15625,4689445.0,19,T
1695935744347526553,229,211545000000000,GPS1_Frame,42.33824920654297,-71.08843231201172,34.599998474121094,327956.15625,4689445.0,19,T
1695935745332240948,230,211546000000000,GPS1_Frame,42.33824920654297,-71.08843231201172,34.599998474121094,327956.15625,4689445.0,19,T
1695935746345343819,231,211547000000000,GPS1_Frame,42.33824920654297,-71.08843231201172,34.599998474121094,327956.15625,4689445.0,19,T
1695935747344223166,232,211548000000000,GPS1_Frame,42.3382453918457,-71.08843231201172,34.79999923706055,327956.3125,4689444.5,19,T
1695935748328614374,233,211549000000000,GPS1_Frame,42.3382453918457,-71.08843231201172,35.0,327956.3125,4689444.5,19,T
1695935749344524764,234,211550000000000,GPS1_Frame,42.3382453918457,-71.08843231201172,35.0,327956.15625,4689444.5,19,T
1695935750345207459,235,211551000000000,GPS1_Frame,42.3382453918457,-71.08843231201172,35.0,327956.15625,4689444.5,19,T
1695935751345421969,236,211552000000000,GPS1_Frame,42.3382453918457,-71.08843231201172,35.0,327956.15625,4689444.5,19,T
1695935752346194979,237,211553000000000,GPS1_Frame,42.3382453918457,-71.08843231201172,35.0,327956.15625,4689444.5,19,T
1695935753345722379,238,211554000000000,GPS1_Frame,42.3382453918457,-71.08843231201172,35.0,327956.15625,4689444.5,19,T
1695935754346998463,239,211555000000000,GPS1_Frame,42.3382453918457,-71.08843231201172,35.0,327956.15625,4689444.5,19,T
1695935755346424756,240,211556000000000,GPS1_Frame,42.33824157714844,-71.08843231201172,35.099998474121094,327956.15625,4689444.5,19,T
1695935756346217435,241,211557000000000,GPS1_Frame,42.33824157714844,-71.08843231201172,35.099998474121094,327956.15625,4689444.5,19,T
1695935757347171493,242,211558000000000,GPS1_Frame,42.33824157714844,-71.08843231201172,35.20000076293945,327956.28125,4689444.0,19,T
1695935758348479305,243,211559000000000,GPS1_Frame,42.33824157714844,-71.08843231201172,35.20000076293945,327956.28125,4689444.0,19,T
1695935759348598767,244,211600000000000,GPS1_Frame,42.33824157714844,-71.08843231201172,35.20000076293945,327956.28125,4689444.0,19,T
1695935760348566909,245,211601000000000,GPS1_Frame,42.33824157714844,-71.08843231201172,35.20000076293945,327956.28125,4689444.0,19,T
1695935761350155273,246,211602000000000,GPS1_Frame,42.33824157714844,-71.08843231201172,35.20000076293945,327956.28125,4689444.0,19,T
1695935762332819753,247,211603000000000,GPS1_Frame,42.33824157714844,-71.08843231201172,35.20000076293945,327956.28125,4689444.0,19,T
1695935763349957334,248,211604000000000,GPS1_Frame,42.33824157714844,-71.08843231201172,35.20000076293945,327956.28125,4689444.0,19,T
1695935764332475660,249,211605000000000,GPS1_Frame,42.33824157714844,-71.08843231201172,35.20000076293945,327956.15625,4689444.0,19,T
1695935765331585020,250,211606000000000,GPS1_Frame,42.33824157714844,-71.08843231201172,35.20000076293945,327956.15625,4689444.0,19,T
1695935766348460494,251,211607000000000,GPS1_Frame,42.33823776245117,-71.08843231201172,35.20000076293945,327956.125,4689443.5,19,T
1695935767349369235,252,211608000000000,GPS1_Frame,42.33823776245117,-71.08843994140625,35.29999923706055,327955.875,4689443.5,19,T
1695935768332522877,253,211609000000000,GPS1_Frame,42.33823013305664,-71.08843994140625,35.400001525878906,327955.84375,4689443.0,19,T
1695935769332467377,254,211610000000000,GPS1_Frame,42.33823013305664,-71.08843994140625,35.400001525878906,327955.84375,4689443.0,19,T
1695935770330609569,255,211611000000000,GPS1_Frame,42.33823013305664,-71.08843994140625,35.70000076293945,327955.71875,4689443.0,19,T
1695935771330297713,256,211612000000000,GPS1_Frame,42.33823013305664,-71.08843994140625,35.900001525878906,327955.5625,4689442.5,19,T
1695935772332481080,257,211613000000000,GPS1_Frame,42.338226318359375,-71.08843994140625,36.099998474121094,327955.4375,4689442.5,19,T
1695935773329316297,258,211614000000000,GPS1_Frame,42.33823013305664,-71.08844757080078,36.20000076293945,327955.03125,4689442.5,19,T
1695935774329591563,259,211615000000000,GPS1_Frame,42.338226318359375,-71.08845520019531,36.29999923706055,327954.59375,4689442.5,19,T
1695935775328708574,260,211616000000000,GPS1_Frame,42.338226318359375,-71.08845520019531,36.29999923706055,327954.59375,4689442.5,19,T
1695935776330181768,261,211617000000000,GPS1_Frame,42.338226318359375,-71.08845520019531,36.29999923706055,327954.59375,4689442.5,19,T
1695935777329392273,262,211618000000000,GPS1_Frame,42.338226318359375,-71.08845520019531,36.29999923706055,327954.59375,4689442.5,19,T
1695935778330579021,263,211619000000000,GPS1_Frame,42.338226318359375,-71.08845520019531,36.29999923706055,327954.59375,4689442.5,19,T
1695935779330332177,264,211620000000000,GPS1_Frame,42.338226318359375,-71.08845520019531,36.29999923706055,327954.59375,4689442.5,19,T
1695935780329515399,265,211621000000000,GPS1_Frame,42.33822250366211,-71.08845520019531,36.400001525878906,327954.3125,4689442.0,19,T
1695935781332527886,266,211622000000000,GPS1_Frame,42.338218688964844,-71.08845520019531,36.400001525878906,327954.15625,4689442.0,19,T
1695935782332504391,267,211623000000000,GPS1_Frame,42.338218688964844,-71.08845520019531,36.29999923706055,327954.4375,4689442.0,19,T
1695935783332247006,268,211624000000000,GPS1_Frame,42.33822250366211,-71.08845520019531,36.20000076293945,327954.59375,4689442.0,19,T
1695935784331727572,269,211625000000000,GPS1_Frame,42.338218688964844,-71.08845520019531,36.20000076293945,327954.59375,4689442.0,19,T
1695935785330906210,270,211626000000000,GPS1_Frame,42.338218688964844,-71.08845520019531,36.400001525878906,327954.4375,4689441.5,19,T
1695935786331026769,271,211627000000000,GPS1_Frame,42.338218688964844,-71.08845520019531,36.5,327954.4375,4689442.0,19,T
1695935787331375002,272,211628000000000,GPS1_Frame,42.338218688964844,-71.08845520019531,36.400001525878906,327954.59375,4689442.0,19,T
1695935788330193304,273,211629000000000,GPS1_Frame,42.338218688964844,-71.08845520019531,36.400001525878906,327954.59375,4689442.0,19,T
1695935789329733505,274,211630000000000,GPS1_Frame,42.338218688964844,-71.08845520019531,36.5,327954.59375,4689441.5,19,T
1695935790329553533,275,211631000000000,GPS1_Frame,42.338218688964844,-71.08845520019531,36.5,327954.71875,4689441.5,19,T
1695935791328550546,276,211632000000000,GPS1_Frame,42.338218688964844,-71.08844757080078,36.599998474121094,327955.0,4689442.0,19,T
1695935792345905342,277,211633000000000,GPS1_Frame,42.338218688964844,-71.08845520019531,36.599998474121094,327954.4375,4689441.5,19,T
1695935793329774757,278,211634000000000,GPS1_Frame,42.33821487426758,-71.08846282958984,36.599998474121094,327953.75,4689441.5,19,T
1695935794345726854,279,211635000000000,GPS1_Frame,42.33821487426758,-71.08847045898438,36.599998474121094,327953.34375,4689441.5,19,T
1695935795346976318,280,211636000000000,GPS1_Frame,42.33821487426758,-71.08847045898438,36.599998474121094,327953.1875,4689441.0,19,T
1695935796331070593,281,211637000000000,GPS1_Frame,42.33821487426758,-71.08847045898438,36.5,327953.34375,4689441.0,19,T
1695935797345900408,282,211638000000000,GPS1_Frame,42.33820724487305,-71.08846282958984,36.5,327953.59375,4689440.5,19,T
1695935798345813697,283,211639000000000,GPS1_Frame,42.33820343017578,-71.08846282958984,36.5,327953.71875,4689440.0,19,T
1695935799331580854,284,211640000000000,GPS1_Frame,42.33820724487305,-71.08847045898438,36.599998474121094,327953.4375,4689440.5,19,T
1695935800346556818,285,211641000000000,GPS1_Frame,42.33820724487305,-71.08847045898438,36.599998474121094,327953.4375,4689440.5,19,T
1695935801344942288,286,211642000000000,GPS1_Frame,42.33820724487305,-71.08847045898438,36.599998474121094,327953.4375,4689440.5,19,T
1695935802343973908,287,211643000000000,GPS1_Frame,42.33820724487305,-71.08847045898438,36.599998474121094,327953.4375,4689440.5,19,T
1695935803344992933,288,211644000000000,GPS1_Frame,42.33820724487305,-71.08847045898438,36.599998474121094,327953.4375,4689440.5,19,T
1695935804345061095,289,211645000000000,GPS1_Frame,42.33820724487305,-71.08847045898438,36.599998474121094,327953.4375,4689440.5,19,T
1695935805345676795,290,211646000000000,GPS1_Frame,42.33820724487305,-71.08847045898438,36.599998474121094,327953.4375,4689440.5,19,T
1695935806345833092,291,211647000000000,GPS1_Frame,42.33820724487305,-71.08847045898438,36.599998474121094,327953.3125,4689440.5,19,T
1695935807346104884,292,211648000000000,GPS1_Frame,42.33820724487305,-71.08847045898438,36.599998474121094,327953.3125,4689440.5,19,T
1695935808345958638,293,211649000000000,GPS1_Frame,42.33820724487305,-71.08847045898438,36.599998474121094,327953.3125,4689440.5,19,T
1695935809345582346,294,211650000000000,GPS1_Frame,42.33820724487305,-71.08847045898438,36.599998474121094,327953.3125,4689440.5,19,T
1695935810344565098,295,211651000000000,GPS1_Frame,42.33820724487305,-71.08847045898438,36.599998474121094,327953.3125,4689440.5,19,T
1695935811343413905,296,211652000000000,GPS1_Frame,42.33820724487305,-71.08847045898438,36.599998474121094,327953.3125,4689440.5,19,T
1695935812345404549,297,211653000000000,GPS1_Frame,42.33820724487305,-71.08847045898438,36.70000076293945,327953.3125,4689440.5,19,T
1695935813328513114,298,211654000000000,GPS1_Frame,42.33820724487305,-71.08847045898438,36.70000076293945,327953.3125,4689440.5,19,T
1695935814346305524,299,211655000000000,GPS1_Frame,42.33820724487305,-71.08847045898438,36.70000076293945,327953.1875,4689440.5,19,T
1695935815329381083,300,211656000000000,GPS1_Frame,42.33820724487305,-71.08847045898438,36.70000076293945,327952.90625,4689440.5,19,T
1695935816344640172,301,211657000000000,GPS1_Frame,42.33820343017578,-71.0884780883789,36.79999923706055,327952.75,4689440.0,19,T
1695935817344947744,302,211658000000000,GPS1_Frame,42.33820343017578,-71.0884780883789,36.79999923706055,327952.625,4689440.0,19,T
1695935818328490716,303,211659000000000,GPS1_Frame,42.338199615478516,-71.0884780883789,36.79999923706055,327952.1875,4689439.5,19,T
1695935819328106260,304,211700000000000,GPS1_Frame,42.33819580078125,-71.0884780883789,36.79999923706055,327952.1875,4689439.0,19,T
1695935820332040005,305,211701000000000,GPS1_Frame,42.338191986083984,-71.08848571777344,36.79999923706055,327952.03125,4689439.0,19,T
1695935821329360075,306,211702000000000,GPS1_Frame,42.338191986083984,-71.08848571777344,36.900001525878906,327951.625,4689439.0,19,T
1695935822330370910,307,211703000000000,GPS1_Frame,42.33818817138672,-71.08849334716797,36.900001525878906,327950.9375,4689438.5,19,T
1695935823330468596,308,211704000000000,GPS1_Frame,42.33818817138672,-71.0885009765625,36.900001525878906,327950.375,4689438.0,19,T
1695935824328165654,309,211705000000000,GPS1_Frame,42.33818435668945,-71.08851623535156,36.900001525878906,327949.25,4689438.0,19,T
1695935825327944199,310,211706000000000,GPS1_Frame,42.33818435668945,-71.0885238647461,36.900001525878906,327948.71875,4689438.0,19,T
1695935826327680588,311,211707000000000,GPS1_Frame,42.33818817138672,-71.08853149414062,37.0,327948.03125,4689438.5,19,T
1695935827326714209,312,211708000000000,GPS1_Frame,42.33818817138672,-71.08853149414062,37.0,327948.03125,4689438.5,19,T
1695935828329770582,313,211709000000000,GPS1_Frame,42.33818817138672,-71.08853912353516,37.0,327947.625,4689438.5,19,T
1695935829330056017,314,211710000000000,GPS1_Frame,42.338199615478516,-71.0885238647461,37.0,327948.46875,4689439.5,19,T
1695935830329016610,315,211711000000000,GPS1_Frame,42.33820724487305,-71.08850860595703,37.0,327950.28125,4689440.5,19,T
1695935831329382624,316,211712000000000,GPS1_Frame,42.33820724487305,-71.08849334716797,37.0,327951.40625,4689440.5,19,T
1695935832330791970,317,211713000000000,GPS1_Frame,42.33821105957031,-71.08849334716797,37.0,327951.53125,4689441.0,19,T
1695935833330772142,318,211714000000000,GPS1_Frame,42.33820724487305,-71.08848571777344,36.900001525878906,327951.8125,4689440.5,19,T
1695935834331834632,319,211715000000000,GPS1_Frame,42.33820343017578,-71.08848571777344,37.0,327951.78125,4689440.0,19,T
1695935835332019270,320,211716000000000,GPS1_Frame,42.33820343017578,-71.0884780883789,37.0,327952.34375,4689440.0,19,T
1695935836332287484,321,211717000000000,GPS1_Frame,42.33820343017578,-71.0884780883789,37.099998474121094,327952.75,4689440.0,19,T
1695935837332471883,322,211718000000000,GPS1_Frame,42.338199615478516,-71.08847045898438,37.20000076293945,327953.0,4689439.5,19,T
1695935838331647180,323,211719000000000,GPS1_Frame,42.338191986083984,-71.08847045898438,37.20000076293945,327953.125,4689439.0,19,T
1695935839334011441,324,211720000000000,GPS1_Frame,42.338191986083984,-71.08845520019531,37.400001525878906,327954.25,4689439.0,19,T
1695935840333535763,325,211721000000000,GPS1_Frame,42.338191986083984,-71.08845520019531,37.400001525878906,327954.65625,4689438.5,19,T
1695935841334037131,326,211722000000000,GPS1_Frame,42.33819580078125,-71.08845520019531,37.29999923706055,327954.53125,4689439.0,19,T
1695935842349461505,327,211723000000000,GPS1_Frame,42.33819580078125,-71.08845520019531,37.29999923706055,327954.53125,4689439.0,19,T
1695935843332350475,328,211724000000000,GPS1_Frame,42.33819580078125,-71.08845520019531,37.29999923706055,327954.53125,4689439.0,19,T
1695935844330160989,329,211725000000000,GPS1_Frame,42.33819580078125,-71.08845520019531,37.29999923706055,327954.53125,4689439.0,19,T
1695935845346409065,330,211726000000000,GPS1_Frame,42.33819580078125,-71.08845520019531,37.29999923706055,327954.53125,4689439.0,19,T
1695935846347099387,331,211727000000000,GPS1_Frame,42.33819580078125,-71.08845520019531,37.29999923706055,327954.53125,4689439.0,19,T
1695935847329871766,332,211728000000000,GPS1_Frame,42.33819580078125,-71.08845520019531,37.29999923706055,327954.53125,4689439.0,19,T
1695935848329447623,333,211729000000000,GPS1_Frame,42.33819580078125,-71.08845520019531,37.29999923706055,327954.53125,4689439.0,19,T
1695935849331492987,334,211730000000000,GPS1_Frame,42.33819580078125,-71.08845520019531,37.29999923706055,327954.53125,4689439.0,19,T
1695935850348162651,335,211731000000000,GPS1_Frame,42.33819580078125,-71.08845520019531,37.29999923706055,327954.53125,4689439.0,19,T
1695935851347981594,336,211732000000000,GPS1_Frame,42.33819580078125,-71.08845520019531,37.29999923706055,327954.53125,4689439.0,19,T
1695935852332343266,337,211733000000000,GPS1_Frame,42.33819580078125,-71.08845520019531,37.29999923706055,327954.53125,4689439.0,19,T
1695935853348175885,338,211734000000000,GPS1_Frame,42.33819580078125,-71.08845520019531,37.29999923706055,327954.53125,4689439.0,19,T
1695935854333065960,339,211735000000000,GPS1_Frame,42.33819580078125,-71.08845520019531,37.29999923706055,327954.53125,4689439.0,19,T
1695935855348239309,340,211736000000000,GPS1_Frame,42.33819580078125,-71.08845520019531,37.29999923706055,327954.53125,4689439.0,19,T
1695935856347259168,341,211737000000000,GPS1_Frame,42.33819580078125,-71.08845520019531,37.29999923706055,327954.53125,4689439.0,19,T
1695935857347365791,342,211738000000000,GPS1_Frame,42.33819580078125,-71.08845520019531,37.29999923706055,327954.53125,4689439.0,19,T
1695935858346749361,343,211739000000000,GPS1_Frame,42.33819580078125,-71.08845520019531,37.29999923706055,327954.65625,4689439.0,19,T
1695935859346881808,344,211740000000000,GPS1_Frame,42.338199615478516,-71.08845520019531,37.29999923706055,327954.65625,4689439.5,19,T
1695935860347692228,345,211741000000000,GPS1_Frame,42.33820343017578,-71.08845520019531,37.20000076293945,327954.25,4689440.0,19,T
1695935861331488262,346,211742000000000,GPS1_Frame,42.33820724487305,-71.08845520019531,37.20000076293945,327954.40625,4689440.5,19,T
1695935862347832219,347,211743000000000,GPS1_Frame,42.33821487426758,-71.08845520019531,37.099998474121094,327954.28125,4689441.5,19,T
1695935863348551774,348,211744000000000,GPS1_Frame,42.33820724487305,-71.08845520019531,37.20000076293945,327954.53125,4689440.5,19,T
1695935864348463374,349,211745000000000,GPS1_Frame,42.33820724487305,-71.08845520019531,37.20000076293945,327954.53125,4689440.5,19,T
1695935865349938291,350,211746000000000,GPS1_Frame,42.33820724487305,-71.08845520019531,37.20000076293945,327954.53125,4689440.5,19,T
1695935866350410854,351,211747000000000,GPS1_Frame,42.33820724487305,-71.08845520019531,37.20000076293945,327954.53125,4689440.5,19,T
1695935867349986478,352,211748000000000,GPS1_Frame,42.33820724487305,-71.08845520019531,37.20000076293945,327954.53125,4689440.5,19,T
1695935868334359940,353,211749000000000,GPS1_Frame,42.33820724487305,-71.08845520019531,37.20000076293945,327954.53125,4689440.5,19,T
1695935869350279583,354,211750000000000,GPS1_Frame,42.33820724487305,-71.08845520019531,37.20000076293945,327954.53125,4689440.5,19,T
1695935870334691115,355,211751000000000,GPS1_Frame,42.33820724487305,-71.08845520019531,37.20000076293945,327954.53125,4689440.5,19,T
1695935871346603606,356,211752000000000,GPS1_Frame,42.33820724487305,-71.08845520019531,37.099998474121094,327954.53125,4689440.5,19,T
1695935872347241403,357,211753000000000,GPS1_Frame,42.33820724487305,-71.08845520019531,37.099998474121094,327954.5625,4689440.5,19,T
1695935873331004494,358,211754000000000,GPS1_Frame,42.33821105957031,-71.08845520019531,37.099998474121094,327954.5625,4689440.5,19,T
1695935874334393944,359,211755000000000,GPS1_Frame,42.33820724487305,-71.08845520019531,37.099998474121094,327954.6875,4689440.5,19,T
1695935875334240114,360,211756000000000,GPS1_Frame,42.33820724487305,-71.08845520019531,37.099998474121094,327954.6875,4689440.5,19,T
1695935876330580006,361,211757000000000,GPS1_Frame,42.33820724487305,-71.08845520019531,37.099998474121094,327954.6875,4689440.5,19,T
1695935877331806856,362,211758000000000,GPS1_Frame,42.33821105957031,-71.08844757080078,37.099998474121094,327954.96875,4689440.5,19,T
1695935878330808610,363,211759000000000,GPS1_Frame,42.33821105957031,-71.08844757080078,37.20000076293945,327955.25,4689440.5,19,T
1695935879332465387,364,211800000000000,GPS1_Frame,42.33821105957031,-71.08844757080078,37.20000076293945,327955.09375,4689440.5,19,T
1695935880332369742,365,211801000000000,GPS1_Frame,42.33821105957031,-71.08844757080078,37.20000076293945,327955.09375,4689440.5,19,T
1695935881332014359,366,211802000000000,GPS1_Frame,42.33821105957031,-71.08844757080078,37.20000076293945,327955.09375,4689440.5,19,T
1695935882331952555,367,211803000000000,GPS1_Frame,42.33821105957031,-71.08844757080078,37.20000076293945,327955.09375,4689440.5,19,T
1695935883330370346,368,211804000000000,GPS1_Frame,42.33821105957031,-71.08844757080078,37.20000076293945,327955.09375,4689440.5,19,T
1695935884328751258,369,211805000000000,GPS1_Frame,42.33821105957031,-71.08844757080078,37.20000076293945,327955.09375,4689440.5,19,T
1695935885328388198,370,211806000000000,GPS1_Frame,42.33821105957031,-71.08844757080078,37.29999923706055,327954.84375,4689440.5,19,T
1695935886330455261,371,211807000000000,GPS1_Frame,42.33821105957031,-71.08845520019531,37.29999923706055,327954.5625,4689440.5,19,T
1695935887329520511,372,211808000000000,GPS1_Frame,42.33821105957031,-71.08845520019531,37.400001525878906,327954.28125,4689441.0,19,T
1695935888328915330,373,211809000000000,GPS1_Frame,42.33821105957031,-71.08846282958984,37.5,327953.75,4689441.0,19,T
1695935889328627713,374,211810000000000,GPS1_Frame,42.33821105957031,-71.08846282958984,37.599998474121094,327953.59375,4689441.0,19,T
1695935890330490651,375,211811000000000,GPS1_Frame,42.33821487426758,-71.08847045898438,37.5,327953.34375,4689441.5,19,T
1695935891330207260,376,211812000000000,GPS1_Frame,42.338218688964844,-71.08847045898438,37.5,327952.9375,4689441.5,19,T
1695935892328538947,377,211813000000000,GPS1_Frame,42.33822250366211,-71.0884780883789,37.599998474121094,327952.53125,4689442.0,19,T
1695935893344557428,378,211814000000000,GPS1_Frame,42.33822250366211,-71.0884780883789,37.70000076293945,327952.25,4689442.0,19,T
1695935894328534835,379,211815000000000,GPS1_Frame,42.338218688964844,-71.08848571777344,37.79999923706055,327951.96875,4689442.0,19,T
1695935895344179337,380,211816000000000,GPS1_Frame,42.33821487426758,-71.08848571777344,37.900001525878906,327951.96875,4689441.5,19,T
1695935896348477542,381,211817000000000,GPS1_Frame,42.33821487426758,-71.08848571777344,37.900001525878906,327952.09375,4689441.5,19,T
1695935898210681589,382,211818000000000,GPS1_Frame,42.338218688964844,-71.08848571777344,37.79999923706055,327951.96875,4689441.5,19,T
1695935899209762803,383,211819000000000,GPS1_Frame,42.338218688964844,-71.08848571777344,37.900001525878906,327951.96875,4689442.0,19,T
1695935900208338604,384,211820000000000,GPS1_Frame,42.338218688964844,-71.08848571777344,37.900001525878906,327951.96875,4689442.0,19,T
1695935901208421040,385,211821000000000,GPS1_Frame,42.33822250366211,-71.08848571777344,37.900001525878906,327952.125,4689442.5,19,T
1695935902227355417,386,211822000000000,GPS1_Frame,42.338226318359375,-71.08848571777344,37.900001525878906,327951.84375,4689442.5,19,T
1695935903223594566,387,211823000000000,GPS1_Frame,42.338226318359375,-71.08848571777344,37.79999923706055,327951.71875,4689442.5,19,T
1695935904206247436,388,211824000000000,GPS1_Frame,42.338226318359375,-71.08849334716797,37.79999923706055,327951.4375,4689442.5,19,T
1695935905225658586,389,211825000000000,GPS1_Frame,42.33823013305664,-71.08849334716797,37.79999923706055,327951.3125,4689443.0,19,T
1695935906224529690,390,211826000000000,GPS1_Frame,42.33823013305664,-71.08849334716797,37.70000076293945,327951.59375,4689443.0,19,T
1695935907225225649,391,211827000000000,GPS1_Frame,42.33823013305664,-71.08848571777344,37.70000076293945,327952.0,4689443.0,19,T
1695935908205747522,392,211828000000000,GPS1_Frame,42.338233947753906,-71.08848571777344,37.70000076293945,327951.875,4689443.5,19,T
1695935909224156839,393,211829000000000,GPS1_Frame,42.338233947753906,-71.08848571777344,37.70000076293945,327952.0,4689443.5,19,T
1695935910225508332,394,211830000000000,GPS1_Frame,42.338233947753906,-71.08848571777344,37.70000076293945,327952.15625,4689443.5,19,T
1695935911224202831,395,211831000000000,GPS1_Frame,42.338233947753906,-71.08848571777344,37.70000076293945,327952.15625,4689443.5,19,T
1695935912224684586,396,211832000000000,GPS1_Frame,42.33823776245117,-71.0884780883789,37.70000076293945,327952.5625,4689443.5,19,T
1695935913221628787,397,211833000000000,GPS1_Frame,42.33823776245117,-71.0884780883789,37.70000076293945,327952.84375,4689443.5,19,T
1695935914224620220,398,211834000000000,GPS1_Frame,42.33823776245117,-71.0884780883789,37.70000076293945,327952.71875,4689443.5,19,T
1695935915208230956,399,211835000000000,GPS1_Frame,42.33823776245117,-71.0884780883789,37.70000076293945,327952.71875,4689443.5,19,T
1695935916225181947,400,211836000000000,GPS1_Frame,42.33823776245117,-71.0884780883789,37.70000076293945,327952.71875,4689443.5,19,T
1695935917226379335,401,211837000000000,GPS1_Frame,42.33823776245117,-71.0884780883789,37.70000076293945,327952.71875,4689443.5,19,T
1695935918223987043,402,211838000000000,GPS1_Frame,42.33823776245117,-71.0884780883789,37.70000076293945,327952.71875,4689443.5,19,T
1695935919224362741,403,211839000000000,GPS1_Frame,42.33823776245117,-71.08847045898438,37.70000076293945,327952.96875,4689443.5,19,T
1695935920209206533,404,211840000000000,GPS1_Frame,42.33823776245117,-71.08847045898438,37.70000076293945,327953.125,4689444.0,19,T
1695935921225711270,405,211841000000000,GPS1_Frame,42.33823776245117,-71.08847045898438,37.70000076293945,327953.25,4689443.5,19,T
1695935922209153786,406,211842000000000,GPS1_Frame,42.338233947753906,-71.08847045898438,37.70000076293945,327953.25,4689443.5,19,T
1695935923225304555,407,211843000000000,GPS1_Frame,42.33823013305664,-71.08847045898438,37.70000076293945,327953.5,4689443.0,19,T
1695935924226068229,408,211844000000000,GPS1_Frame,42.338233947753906,-71.08847045898438,37.70000076293945,327953.375,4689443.5,19,T
1695935925209152169,409,211845000000000,GPS1_Frame,42.338233947753906,-71.08847045898438,37.70000076293945,327953.375,4689443.5,19,T
1695935926207712771,410,211846000000000,GPS1_Frame,42.338233947753906,-71.08847045898438,37.70000076293945,327953.375,4689443.5,19,T
1695935927208522299,411,211847000000000,GPS1_Frame,42.338233947753906,-71.08847045898438,37.70000076293945,327953.375,4689443.5,19,T
1695935928207523213,412,211848000000000,GPS1_Frame,42.338233947753906,-71.08847045898438,37.70000076293945,327953.375,4689443.5,19,T
1695935929208404686,413,211849000000000,GPS1_Frame,42.338233947753906,-71.08847045898438,37.70000076293945,327953.375,4689443.5,19,T
1695935930208532238,414,211850000000000,GPS1_Frame,42.338233947753906,-71.08847045898438,37.70000076293945,327953.375,4689443.5,19,T
1695935931207423979,415,211851000000000,GPS1_Frame,42.33823013305664,-71.08847045898438,37.599998474121094,327953.09375,4689443.0,19,T
1695935932212588393,416,211852000000000,GPS1_Frame,42.338233947753906,-71.0884780883789,37.599998474121094,327952.6875,4689443.5,19,T
1695935933213234356,417,211853000000000,GPS1_Frame,42.33823013305664,-71.08848571777344,37.599998474121094,327952.15625,4689443.0,19,T
1695935934213958532,418,211854000000000,GPS1_Frame,42.33823013305664,-71.08848571777344,37.5,327951.71875,4689443.0,19,T
1695935935212720716,419,211855000000000,GPS1_Frame,42.33823013305664,-71.08849334716797,37.5,327951.59375,4689443.0,19,T
1695935936214988634,420,211856000000000,GPS1_Frame,42.33823013305664,-71.08849334716797,37.599998474121094,327951.03125,4689443.0,19,T
1695935937215405764,421,211857000000000,GPS1_Frame,42.33823013305664,-71.0885009765625,37.599998474121094,327950.90625,4689443.0,19,T
1695935938215698452,422,211858000000000,GPS1_Frame,42.33823013305664,-71.0885009765625,37.599998474121094,327950.78125,4689443.0,19,T
1695935939215263051,423,211859000000000,GPS1_Frame,42.33823013305664,-71.0885009765625,37.599998474121094,327950.78125,4689443.0,19,T
1695935940213895785,424,211900000000000,GPS1_Frame,42.33823013305664,-71.0885009765625,37.599998474121094,327950.78125,4689443.0,19,T
1695935941216119774,425,211901000000000,GPS1_Frame,42.33823013305664,-71.0885009765625,37.599998474121094,327950.78125,4689443.0,19,T
1695935942214532210,426,211902000000000,GPS1_Frame,42.33823013305664,-71.0885009765625,37.599998474121094,327950.78125,4689443.0,19,T
1695935943215881587,427,211903000000000,GPS1_Frame,42.33823013305664,-71.0885009765625,37.599998474121094,327950.78125,4689443.0,19,T
1695935944215947658,428,211904000000000,GPS1_Frame,42.33823013305664,-71.0885009765625,37.599998474121094,327950.78125,4689443.0,19,T
1695935945232522040,429,211905000000000,GPS1_Frame,42.33823013305664,-71.0885009765625,37.599998474121094,327950.78125,4689443.0,19,T
1695935946217142264,430,211906000000000,GPS1_Frame,42.33823013305664,-71.0885009765625,37.599998474121094,327950.78125,4689443.0,19,T
1695935947235425136,431,211907000000000,GPS1_Frame,42.33823013305664,-71.0885009765625,37.599998474121094,327950.78125,4689443.0,19,T
1695935948235842668,432,211908000000000,GPS1_Frame,42.33823013305664,-71.0885009765625,37.599998474121094,327950.78125,4689443.0,19,T
1695935949218657994,433,211909000000000,GPS1_Frame,42.33823013305664,-71.0885009765625,37.599998474121094,327950.78125,4689443.0,19,T
1695935950219182626,434,211910000000000,GPS1_Frame,42.33823013305664,-71.0885009765625,37.599998474121094,327950.78125,4689443.0,19,T
1695935951219108453,435,211911000000000,GPS1_Frame,42.33823013305664,-71.0885009765625,37.70000076293945,327950.90625,4689443.0,19,T
1695935952219585155,436,211912000000000,GPS1_Frame,42.338226318359375,-71.0885009765625,37.70000076293945,327950.875,4689442.5,19,T
1695935953236110300,437,211913000000000,GPS1_Frame,42.338226318359375,-71.0885009765625,37.70000076293945,327950.875,4689442.5,19,T
1695935954235252296,438,211914000000000,GPS1_Frame,42.338226318359375,-71.0885009765625,37.599998474121094,327950.625,4689442.5,19,T
1695935955219415244,439,211915000000000,GPS1_Frame,42.338226318359375,-71.0885009765625,37.70000076293945,327950.75,4689442.5,19,T
1695935956237426869,440,211916000000000,GPS1_Frame,42.338226318359375,-71.0885009765625,37.70000076293945,327950.625,4689442.5,19,T
1695935957235207778,441,211917000000000,GPS1_Frame,42.338226318359375,-71.0885009765625,37.70000076293945,327950.625,4689442.5,19,T
1695935958233359107,442,211918000000000,GPS1_Frame,42.338226318359375,-71.0885009765625,37.70000076293945,327950.625,4689442.5,19,T
1695935959234911145,443,211919000000000,GPS1_Frame,42.33822250366211,-71.08849334716797,37.79999923706055,327951.03125,4689442.5,19,T
1695935960233982129,444,211920000000000,GPS1_Frame,42.33821487426758,-71.08849334716797,37.900001525878906,327951.40625,4689441.5,19,T
1695935961233816251,445,211921000000000,GPS1_Frame,42.338218688964844,-71.08849334716797,37.900001525878906,327951.28125,4689442.0,19,T
1695935962234075669,446,211922000000000,GPS1_Frame,42.338218688964844,-71.08849334716797,37.900001525878906,327951.0,4689442.0,19,T
1695935963217317858,447,211923000000000,GPS1_Frame,42.33822250366211,-71.0885009765625,37.79999923706055,327950.875,4689442.0,19,T
1695935964234371399,448,211924000000000,GPS1_Frame,42.338218688964844,-71.08850860595703,37.79999923706055,327950.3125,4689442.0,19,T
1695935965235362579,449,211925000000000,GPS1_Frame,42.338218688964844,-71.0885009765625,37.900001525878906,327950.46875,4689442.0,19,T
1695935966218520517,450,211926000000000,GPS1_Frame,42.338218688964844,-71.08850860595703,37.900001525878906,327949.78125,4689442.0,19,T
1695935967234034274,451,211927000000000,GPS1_Frame,42.338218688964844,-71.0885238647461,37.900001525878906,327948.6875,4689442.0,19,T
1695935968234634493,452,211928000000000,GPS1_Frame,42.338218688964844,-71.08853912353516,37.900001525878906,327947.59375,4689442.0,19,T
1695935969235438301,453,211929000000000,GPS1_Frame,42.338218688964844,-71.08853912353516,37.900001525878906,327947.4375,4689442.0,19,T
1695935970234068062,454,211930000000000,GPS1_Frame,42.33822250366211,-71.08853912353516,37.79999923706055,327947.59375,4689442.0,19,T
1695935971231149698,455,211931000000000,GPS1_Frame,42.33822250366211,-71.08853912353516,37.900001525878906,327947.3125,4689442.0,19,T
1695935972233369543,456,211932000000000,GPS1_Frame,42.33821487426758,-71.08855438232422,37.900001525878906,327946.34375,4689441.5,19,T
1695935973217133407,457,211933000000000,GPS1_Frame,42.33821487426758,-71.08856201171875,37.900001525878906,327945.5,4689441.5,19,T
1695935974234570149,458,211934000000000,GPS1_Frame,42.338218688964844,-71.08856201171875,38.099998474121094,327945.53125,4689442.0,19,T
1695935975234635731,459,211935000000000,GPS1_Frame,42.338218688964844,-71.08856201171875,38.20000076293945,327945.53125,4689442.0,19,T
1695935976218102521,460,211936000000000,GPS1_Frame,42.33822250366211,-71.08856201171875,38.20000076293945,327945.53125,4689442.0,19,T
1695935977217821944,461,211937000000000,GPS1_Frame,42.338226318359375,-71.08856201171875,38.20000076293945,327945.9375,4689442.5,19,T
1695935978216212381,462,211938000000000,GPS1_Frame,42.338226318359375,-71.08853912353516,38.29999923706055,327947.3125,4689442.5,19,T
1695935979217124577,463,211939000000000,GPS1_Frame,42.33823013305664,-71.0885238647461,38.29999923706055,327948.5625,4689443.5,19,T
1695935980217480932,464,211940000000000,GPS1_Frame,42.338233947753906,-71.08851623535156,38.29999923706055,327949.28125,4689443.5,19,T
1695935981216649343,465,211941000000000,GPS1_Frame,42.338233947753906,-71.08851623535156,38.400001525878906,327949.25,4689443.5,19,T
1695935982216972304,466,211942000000000,GPS1_Frame,42.338233947753906,-71.08850860595703,38.400001525878906,327950.375,4689443.5,19,T
1695935983217389710,467,211943000000000,GPS1_Frame,42.33823776245117,-71.08849334716797,38.400001525878906,327951.0625,4689444.0,19,T
1695935984217169642,468,211944000000000,GPS1_Frame,42.33823776245117,-71.08849334716797,38.29999923706055,327951.46875,4689444.0,19,T
1695935985217741974,469,211945000000000,GPS1_Frame,42.33823776245117,-71.08848571777344,38.29999923706055,327951.75,4689444.0,19,T
1695935986217439063,470,211946000000000,GPS1_Frame,42.33823776245117,-71.0884780883789,38.20000076293945,327952.3125,4689444.0,19,T
1695935987217939719,471,211947000000000,GPS1_Frame,42.33823776245117,-71.0884780883789,38.20000076293945,327952.4375,4689444.0,19,T
1695935988218303381,472,211948000000000,GPS1_Frame,42.33824157714844,-71.0884780883789,38.20000076293945,327952.4375,4689444.0,19,T
1695935989217779749,473,211949000000000,GPS1_Frame,42.3382453918457,-71.08846282958984,38.29999923706055,327953.96875,4689444.5,19,T
1695935990217763976,474,211950000000000,GPS1_Frame,42.33824920654297,-71.08843994140625,38.29999923706055,327955.625,4689445.0,19,T
1695935991218046084,475,211951000000000,GPS1_Frame,42.3382453918457,-71.08843231201172,38.29999923706055,327956.3125,4689444.5,19,T
1695935992217226158,476,211952000000000,GPS1_Frame,42.3382453918457,-71.08843231201172,38.29999923706055,327956.5625,4689444.5,19,T
1695935993218335291,477,211953000000000,GPS1_Frame,42.33824157714844,-71.08842468261719,38.29999923706055,327957.125,4689444.0,19,T
1695935994217612041,478,211954000000000,GPS1_Frame,42.33824157714844,-71.08842468261719,38.29999923706055,327957.25,4689444.0,19,T
1695935995218275535,479,211955000000000,GPS1_Frame,42.33824157714844,-71.08841705322266,38.29999923706055,327957.65625,4689444.0,19,T
1695935996235784842,480,211956000000000,GPS1_Frame,42.33824157714844,-71.08841705322266,38.5,327957.40625,4689444.5,19,T
1695935997237314468,481,211957000000000,GPS1_Frame,42.338253021240234,-71.08842468261719,38.70000076293945,327957.0,4689445.5,19,T
1695935998223997632,482,211958000000000,GPS1_Frame,42.33824920654297,-71.08842468261719,38.70000076293945,327956.875,4689445.0,19,T
1695935999241098442,483,211959000000000,GPS1_Frame,42.33824920654297,-71.08842468261719,38.70000076293945,327956.875,4689445.0,19,T
1695936000226264636,484,212000000000000,GPS1_Frame,42.33824920654297,-71.08842468261719,38.70000076293945,327956.875,4689445.0,19,T
1695936001228483877,485,212001000000000,GPS1_Frame,42.33824920654297,-71.08842468261719,38.70000076293945,327957.28125,4689445.0,19,T
1695936002228085396,486,212002000000000,GPS1_Frame,42.33824920654297,-71.08841705322266,38.599998474121094,327957.40625,4689445.0,19,T
1695936003245098845,487,212003000000000,GPS1_Frame,42.338253021240234,-71.08842468261719,38.599998474121094,327957.28125,4689445.5,19,T
1695936004229683622,488,212004000000000,GPS1_Frame,42.338253021240234,-71.08841705322266,38.599998474121094,327957.5625,4689445.5,19,T
1695936005247852089,489,212005000000000,GPS1_Frame,42.338253021240234,-71.08841705322266,38.5,327957.40625,4689445.5,19,T
1695936006232644260,490,212006000000000,GPS1_Frame,42.338253021240234,-71.08842468261719,38.5,327957.15625,4689445.5,19,T
1695936007252297236,491,212007000000000,GPS1_Frame,42.33824920654297,-71.08843231201172,38.400001525878906,327956.3125,4689445.0,19,T
1695936008252054440,492,212008000000000,GPS1_Frame,42.33824157714844,-71.08843994140625,38.400001525878906,327955.875,4689444.5,19,T
1695936009253723353,493,212009000000000,GPS1_Frame,42.3382453918457,-71.08843994140625,38.5,327956.03125,4689444.5,19,T
1695936010254737370,494,212010000000000,GPS1_Frame,42.33824920654297,-71.08843994140625,38.599998474121094,327956.03125,4689445.0,19,T
1695936011255569278,495,212011000000000,GPS1_Frame,42.33824920654297,-71.08843994140625,38.599998474121094,327955.75,4689445.0,19,T
1695936012255533782,496,212012000000000,GPS1_Frame,42.338253021240234,-71.08843994140625,38.5,327955.90625,4689445.5,19,T
1695936013257961147,497,212013000000000,GPS1_Frame,42.338253021240234,-71.08843994140625,38.5,327955.90625,4689445.5,19,T
1695936014259618751,498,212014000000000,GPS1_Frame,42.338253021240234,-71.08843994140625,38.5,327956.03125,4689445.5,19,T
1695936015260669092,499,212015000000000,GPS1_Frame,42.3382568359375,-71.08842468261719,38.5,327956.75,4689446.0,19,T
1695936016244937689,500,212016000000000,GPS1_Frame,42.338260650634766,-71.08842468261719,38.400001525878906,327957.03125,4689446.5,19,T
1695936017245519925,501,212017000000000,GPS1_Frame,42.33826446533203,-71.08842468261719,38.400001525878906,327957.1875,4689446.5,19,T
1695936018263451920,502,212018000000000,GPS1_Frame,42.33826446533203,-71.08842468261719,38.400001525878906,327957.03125,4689446.5,19,T
1695936019264108782,503,212019000000000,GPS1_Frame,42.3382682800293,-71.08843231201172,38.29999923706055,327956.21875,4689447.0,19,T
1695936020264440038,504,212020000000000,GPS1_Frame,42.3382682800293,-71.08843994140625,38.29999923706055,327955.53125,4689447.0,19,T
1695936021266093308,505,212021000000000,GPS1_Frame,42.3382682800293,-71.08844757080078,38.29999923706055,327955.25,4689447.0,19,T
1695936022249691561,506,212022000000000,GPS1_Frame,42.3382682800293,-71.08843994140625,38.29999923706055,327955.53125,4689447.0,19,T
1695936023249605092,507,212023000000000,GPS1_Frame,42.33827209472656,-71.08843994140625,38.20000076293945,327955.96875,4689447.5,19,T
1695936024266555950,508,212024000000000,GPS1_Frame,42.338279724121094,-71.08843231201172,38.099998474121094,327956.53125,4689448.5,19,T
1695936025253651603,509,212025000000000,GPS1_Frame,42.338279724121094,-71.08843994140625,38.099998474121094,327956.125,4689448.5,19,T
1695936026271634069,510,212026000000000,GPS1_Frame,42.338279724121094,-71.08843994140625,38.099998474121094,327956.125,4689448.5,19,T
1695936027271778045,511,212027000000000,GPS1_Frame,42.33828353881836,-71.08843994140625,38.099998474121094,327955.71875,4689448.5,19,T
1695936028256043901,512,212028000000000,GPS1_Frame,42.33828353881836,-71.08844757080078,38.099998474121094,327955.15625,4689448.5,19,T
1695936029257519008,513,212029000000000,GPS1_Frame,42.338287353515625,-71.08845520019531,38.20000076293945,327954.90625,4689449.0,19,T
1695936030257215310,514,212030000000000,GPS1_Frame,42.33829116821289,-71.08844757080078,38.099998474121094,327955.1875,4689449.5,19,T
1695936031260570912,515,212031000000000,GPS1_Frame,42.338294982910156,-71.08844757080078,38.099998474121094,327955.1875,4689450.0,19,T
1695936032261054374,516,212032000000000,GPS1_Frame,42.33829879760742,-71.08845520019531,38.099998474121094,327954.375,4689450.5,19,T
1695936033261214073,517,212033000000000,GPS1_Frame,42.33830261230469,-71.08847045898438,38.0,327953.3125,4689451.0,19,T
1695936034262039319,518,212034000000000,GPS1_Frame,42.33830261230469,-71.0884780883789,38.099998474121094,327952.75,4689451.0,19,T
1695936035262423393,519,212035000000000,GPS1_Frame,42.33830261230469,-71.0884780883789,38.099998474121094,327952.75,4689451.0,19,T
1695936036262560048,520,212036000000000,GPS1_Frame,42.33829879760742,-71.08847045898438,38.20000076293945,327953.5625,4689450.5,19,T
1695936037265301835,521,212037000000000,GPS1_Frame,42.33829879760742,-71.08846282958984,38.20000076293945,327953.96875,4689450.5,19,T
1695936038264940373,522,212038000000000,GPS1_Frame,42.33829879760742,-71.08845520019531,38.29999923706055,327954.375,4689450.5,19,T
1695936039266042840,523,212039000000000,GPS1_Frame,42.33829879760742,-71.08845520019531,38.29999923706055,327954.65625,4689450.5,19,T
1695936040266421112,524,212040000000000,GPS1_Frame,42.33829879760742,-71.08845520019531,38.29999923706055,327954.78125,4689450.5,19,T
1695936041267206263,525,212041000000000,GPS1_Frame,42.33829879760742,-71.08845520019531,38.29999923706055,327954.9375,4689450.5,19,T
1695936042264976478,526,212042000000000,GPS1_Frame,42.338294982910156,-71.08845520019531,38.400001525878906,327954.5,4689450.0,19,T
1695936043267487173,527,212043000000000,GPS1_Frame,42.33829116821289,-71.08846282958984,38.5,327954.21875,4689450.0,19,T
1695936044269606891,528,212044000000000,GPS1_Frame,42.338294982910156,-71.08845520019531,38.5,327954.5,4689450.0,19,T
1695936045269044499,529,212045000000000,GPS1_Frame,42.33829116821289,-71.08845520019531,38.5,327954.625,4689449.5,19,T
1695936046285707450,530,212046000000000,GPS1_Frame,42.338287353515625,-71.08845520019531,38.5,327954.75,4689449.0,19,T
1695936047286257232,531,212047000000000,GPS1_Frame,42.338287353515625,-71.08844757080078,38.5,327955.03125,4689449.0,19,T
1695936048270523954,532,212048000000000,GPS1_Frame,42.338287353515625,-71.08844757080078,38.5,327955.03125,4689449.0,19,T
1695936049287739342,533,212049000000000,GPS1_Frame,42.338287353515625,-71.08844757080078,38.5,327955.03125,4689449.0,19,T
1695936050271462689,534,212050000000000,GPS1_Frame,42.338287353515625,-71.08844757080078,38.5,327955.03125,4689449.0,19,T
1695936051272397792,535,212051000000000,GPS1_Frame,42.338287353515625,-71.08844757080078,38.5,327955.03125,4689449.0,19,T
1695936052272341520,536,212052000000000,GPS1_Frame,42.338287353515625,-71.08844757080078,38.5,327955.03125,4689449.0,19,T
1695936053273386798,537,212053000000000,GPS1_Frame,42.338287353515625,-71.08844757080078,38.5,327955.1875,4689449.0,19,T
1695936054289240952,538,212054000000000,GPS1_Frame,42.338287353515625,-71.08844757080078,38.5,327955.1875,4689449.0,19,T
1695936055289442254,539,212055000000000,GPS1_Frame,42.338287353515625,-71.08844757080078,38.5,327955.1875,4689449.0,19,T
1695936056270520619,540,212056000000000,GPS1_Frame,42.338287353515625,-71.08844757080078,38.5,327955.1875,4689449.0,19,T
1695936057271910346,541,212057000000000,GPS1_Frame,42.33828353881836,-71.08844757080078,38.599998474121094,327955.3125,4689448.5,19,T
1695936058287374258,542,212058000000000,GPS1_Frame,42.33827590942383,-71.08844757080078,38.599998474121094,327955.28125,4689448.0,19,T
1695936059288363895,543,212059000000000,GPS1_Frame,42.33827590942383,-71.08844757080078,38.79999923706055,327955.40625,4689448.0,19,T
1695936060288381607,544,212100000000000,GPS1_Frame,42.33827209472656,-71.08843994140625,38.900001525878906,327955.5625,4689447.5,19,T
1695936061290352401,545,212101000000000,GPS1_Frame,42.33827209472656,-71.08843994140625,39.0,327955.5625,4689447.5,19,T
1695936062291466652,546,212102000000000,GPS1_Frame,42.33827209472656,-71.08843994140625,38.900001525878906,327955.5625,4689447.5,19,T
1695936063291640599,547,212103000000000,GPS1_Frame,42.33827209472656,-71.08843994140625,38.900001525878906,327955.5625,4689447.5,19,T
1695936064291254220,548,212104000000000,GPS1_Frame,42.33827209472656,-71.08843994140625,38.900001525878906,327955.5625,4689447.5,19,T
1695936065292189169,549,212105000000000,GPS1_Frame,42.33827209472656,-71.08843994140625,38.900001525878906,327955.5625,4689447.5,19,T
1695936066294253817,550,212106000000000,GPS1_Frame,42.33827209472656,-71.08843994140625,38.900001525878906,327955.5625,4689447.5,19,T
1695936067279582950,551,212107000000000,GPS1_Frame,42.33827209472656,-71.08843994140625,38.900001525878906,327955.5625,4689447.5,19,T
1695936068278541748,552,212108000000000,GPS1_Frame,42.33827209472656,-71.08843994140625,39.0,327955.5625,4689447.5,19,T
1695936069295257625,553,212109000000000,GPS1_Frame,42.33827209472656,-71.08843994140625,39.0,327955.5625,4689447.5,19,T
1695936070295622259,554,212110000000000,GPS1_Frame,42.33827209472656,-71.08843994140625,39.0,327955.5625,4689447.5,19,T
1695936071297101467,555,212111000000000,GPS1_Frame,42.3382682800293,-71.08843994140625,39.0,327955.53125,4689447.5,19,T
1695936072295310569,556,212112000000000,GPS1_Frame,42.3382682800293,-71.08843994140625,39.0,327955.53125,4689447.0,19,T
1695936073277723536,557,212113000000000,GPS1_Frame,42.3382682800293,-71.08843994140625,39.099998474121094,327955.9375,4689447.0,19,T
1695936074277233182,558,212114000000000,GPS1_Frame,42.3382682800293,-71.08843231201172,39.099998474121094,327956.375,4689447.0,19,T
1695936075295709599,559,212115000000000,GPS1_Frame,42.3382682800293,-71.08843231201172,39.20000076293945,327956.5,4689447.5,19,T
1695936076278554844,560,212116000000000,GPS1_Frame,42.3382682800293,-71.08842468261719,39.099998474121094,327956.90625,4689447.5,19,T
1695936077294438838,561,212117000000000,GPS1_Frame,42.3382682800293,-71.08841705322266,39.20000076293945,327957.46875,4689447.0,19,T
1695936078296814889,562,212118000000000,GPS1_Frame,42.3382682800293,-71.08841705322266,39.29999923706055,327957.875,4689447.5,19,T
1695936079279653377,563,212119000000000,GPS1_Frame,42.33827209472656,-71.0884017944336,39.400001525878906,327958.71875,4689447.5,19,T
1695936080279534381,564,212120000000000,GPS1_Frame,42.33827590942383,-71.08840942382812,39.400001525878906,327958.5625,4689448.0,19,T
1695936081279666402,565,212121000000000,GPS1_Frame,42.338279724121094,-71.08840942382812,39.5,327958.46875,4689448.5,19,T
1695936082278676759,566,212122000000000,GPS1_Frame,42.33828353881836,-71.08841705322266,39.5,327957.90625,4689449.0,19,T
1695936083280251707,567,212123000000000,GPS1_Frame,42.338287353515625,-71.08842468261719,39.599998474121094,327957.09375,4689449.0,19,T
1695936084281260556,568,212124000000000,GPS1_Frame,42.338287353515625,-71.08843231201172,39.599998474121094,327956.40625,4689449.0,19,T
1695936085281731593,569,212125000000000,GPS1_Frame,42.338287353515625,-71.08843994140625,39.599998474121094,327955.875,4689449.0,19,T
1695936086281751954,570,212126000000000,GPS1_Frame,42.338287353515625,-71.08844757080078,39.5,327955.3125,4689449.0,19,T
1695936087282020160,571,212127000000000,GPS1_Frame,42.33828353881836,-71.08845520019531,39.5,327954.625,4689449.0,19,T
1695936088281155194,572,212128000000000,GPS1_Frame,42.338279724121094,-71.08847045898438,39.599998474121094,327953.65625,4689448.5,19,T
1695936089281981129,573,212129000000000,GPS1_Frame,42.33827209472656,-71.08848571777344,39.599998474121094,327952.25,4689448.0,19,T
1695936090282031309,574,212130000000000,GPS1_Frame,42.33827209472656,-71.0885009765625,39.599998474121094,327950.875,4689447.5,19,T
1695936091282039822,575,212131000000000,GPS1_Frame,42.3382682800293,-71.08850860595703,39.599998474121094,327950.3125,4689447.5,19,T
1695936092281970725,576,212132000000000,GPS1_Frame,42.3382682800293,-71.08850860595703,39.70000076293945,327950.1875,4689447.0,19,T
1695936093282411255,577,212133000000000,GPS1_Frame,42.33826446533203,-71.08850860595703,39.70000076293945,327950.03125,4689447.0,19,T
1695936094283040716,578,212134000000000,GPS1_Frame,42.33826446533203,-71.08850860595703,39.70000076293945,327949.90625,4689447.0,19,T
1695936095284149902,579,212135000000000,GPS1_Frame,42.338260650634766,-71.08850860595703,39.70000076293945,327949.90625,4689446.5,19,T
1695936096298645937,580,212136000000000,GPS1_Frame,42.3382568359375,-71.0885009765625,39.79999923706055,327950.96875,4689446.0,19,T
1695936097284504895,581,212137000000000,GPS1_Frame,42.338253021240234,-71.0885009765625,39.79999923706055,327950.5625,4689445.5,19,T
1695936098299717303,582,212138000000000,GPS1_Frame,42.33824157714844,-71.08851623535156,39.79999923706055,327949.15625,4689444.5,19,T
1695936099283878104,583,212139000000000,GPS1_Frame,42.33824157714844,-71.0885009765625,39.900001525878906,327950.65625,4689444.5,19,T
1695936100301442871,584,212140000000000,GPS1_Frame,42.33824157714844,-71.08848571777344,40.0,327951.75,4689444.5,19,T
1695936101283972253,585,212141000000000,GPS1_Frame,42.33823776245117,-71.08849334716797,39.900001525878906,327951.46875,4689444.0,19,T
1695936102284842189,586,212142000000000,GPS1_Frame,42.33823013305664,-71.08850860595703,40.099998474121094,327950.34375,4689443.0,19,T
1695936103285011910,587,212143000000000,GPS1_Frame,42.33823013305664,-71.08849334716797,40.099998474121094,327951.03125,4689443.0,19,T
1695936104284790567,588,212144000000000,GPS1_Frame,42.33823013305664,-71.08848571777344,40.20000076293945,327952.0,4689443.0,19,T
1695936105301103720,589,212145000000000,GPS1_Frame,42.33823013305664,-71.08848571777344,40.20000076293945,327952.125,4689443.0,19,T
1695936106301954458,590,212146000000000,GPS1_Frame,42.338226318359375,-71.0884780883789,40.20000076293945,327952.40625,4689442.5,19,T
1695936107286352054,591,212147000000000,GPS1_Frame,42.338218688964844,-71.08848571777344,40.20000076293945,327951.96875,4689442.0,19,T
1695936108301721932,592,212148000000000,GPS1_Frame,42.33821487426758,-71.08848571777344,40.20000076293945,327952.09375,4689441.5,19,T
1695936109302686588,593,212149000000000,GPS1_Frame,42.33821487426758,-71.0884780883789,40.29999923706055,327952.78125,4689441.0,19,T
1695936110286345566,594,212150000000000,GPS1_Frame,42.33821105957031,-71.0884780883789,40.400001525878906,327952.625,4689441.0,19,T
1695936111302103883,595,212151000000000,GPS1_Frame,42.33820724487305,-71.08849334716797,40.5,327951.25,4689440.5,19,T
1695936112303426753,596,212152000000000,GPS1_Frame,42.33820343017578,-71.08848571777344,40.599998474121094,327951.65625,4689440.0,19,T
1695936113302491695,597,212153000000000,GPS1_Frame,42.33820343017578,-71.0884780883789,40.599998474121094,327952.21875,4689440.0,19,T
1695936114302572188,598,212154000000000,GPS1_Frame,42.33820343017578,-71.0884780883789,40.70000076293945,327952.46875,4689440.0,19,T
1695936115303602028,599,212155000000000,GPS1_Frame,42.33821105957031,-71.0884780883789,40.599998474121094,327952.5,4689441.0,19,T
1695936116303945741,600,212156000000000,GPS1_Frame,42.33821105957031,-71.08847045898438,40.70000076293945,327952.90625,4689441.0,19,T
1695936117304356554,601,212157000000000,GPS1_Frame,42.33821105957031,-71.08847045898438,40.70000076293945,327953.3125,4689440.5,19,T
1695936118288606202,602,212158000000000,GPS1_Frame,42.33821105957031,-71.08847045898438,40.5,327953.46875,4689440.5,19,T
1695936119289627729,603,212159000000000,GPS1_Frame,42.33821105957031,-71.08846282958984,40.400001525878906,327953.71875,4689440.5,19,T
1695936120305880518,604,212200000000000,GPS1_Frame,42.33821105957031,-71.08846282958984,40.400001525878906,327953.875,4689441.0,19,T
1695936121306427682,605,212201000000000,GPS1_Frame,42.33821105957031,-71.08845520019531,40.400001525878906,327954.4375,4689441.0,19,T
1695936122306232521,606,212202000000000,GPS1_Frame,42.33821105957031,-71.08845520019531,40.400001525878906,327954.4375,4689441.0,19,T
1695936123288317565,607,212203000000000,GPS1_Frame,42.33820724487305,-71.08845520019531,40.29999923706055,327954.125,4689440.5,19,T
1695936124305519487,608,212204000000000,GPS1_Frame,42.33820343017578,-71.08846282958984,40.20000076293945,327953.84375,4689440.0,19,T
1695936125288669603,609,212205000000000,GPS1_Frame,42.33820343017578,-71.08847045898438,40.20000076293945,327953.03125,4689440.0,19,T
1695936126304394564,610,212206000000000,GPS1_Frame,42.338199615478516,-71.08848571777344,40.0,327952.0625,4689439.5,19,T
1695936127288145625,611,212207000000000,GPS1_Frame,42.338199615478516,-71.08848571777344,40.0,327951.78125,4689439.5,19,T
1695936128304351549,612,212208000000000,GPS1_Frame,42.33820343017578,-71.08848571777344,40.0,327951.9375,4689440.0,19,T
1695936129302985285,613,212209000000000,GPS1_Frame,42.33820724487305,-71.08848571777344,40.0,327951.65625,4689440.5,19,T
1695936130287339508,614,212210000000000,GPS1_Frame,42.33820724487305,-71.08848571777344,40.0,327951.65625,4689440.5,19,T
1695936131287294216,615,212211000000000,GPS1_Frame,42.33820724487305,-71.08849334716797,39.900001525878906,327951.53125,4689440.5,19,T
1695936132286426997,616,212212000000000,GPS1_Frame,42.33820343017578,-71.08849334716797,39.900001525878906,327951.25,4689440.0,19,T
1695936133287778322,617,212213000000000,GPS1_Frame,42.338199615478516,-71.08849334716797,39.900001525878906,327951.09375,4689439.5,19,T
1695936134287384235,618,212214000000000,GPS1_Frame,42.33820343017578,-71.08849334716797,39.900001525878906,327950.96875,4689440.0,19,T
1695936135286552056,619,212215000000000,GPS1_Frame,42.33820343017578,-71.08849334716797,39.900001525878906,327950.96875,4689440.0,19,T
1695936136286298792,620,212216000000000,GPS1_Frame,42.33820343017578,-71.08849334716797,39.900001525878906,327950.96875,4689440.0,19,T
1695936137285605073,621,212217000000000,GPS1_Frame,42.33820343017578,-71.08849334716797,39.900001525878906,327950.96875,4689440.0,19,T
1695936138286010538,622,212218000000000,GPS1_Frame,42.33820343017578,-71.08849334716797,39.900001525878906,327950.96875,4689440.0,19,T
1695936139285204315,623,212219000000000,GPS1_Frame,42.33820343017578,-71.08849334716797,39.900001525878906,327950.96875,4689440.0,19,T
1695936140284413044,624,212220000000000,GPS1_Frame,42.33820343017578,-71.08849334716797,39.900001525878906,327950.96875,4689440.0,19,T
1695936141285184599,625,212221000000000,GPS1_Frame,42.33820343017578,-71.08849334716797,39.900001525878906,327950.96875,4689440.0,19,T
1695936142284994191,626,212222000000000,GPS1_Frame,42.33820343017578,-71.08849334716797,39.900001525878906,327950.96875,4689440.0,19,T
1695936143283896931,627,212223000000000,GPS1_Frame,42.33820343017578,-71.08849334716797,39.900001525878906,327950.96875,4689440.0,19,T
1695936144284433108,628,212224000000000,GPS1_Frame,42.33820343017578,-71.08849334716797,39.900001525878906,327950.96875,4689440.0,19,T
1695936145285715227,629,212225000000000,GPS1_Frame,42.33820343017578,-71.08849334716797,39.900001525878906,327950.96875,4689440.0,19,T
1695936146300240020,630,212226000000000,GPS1_Frame,42.33820343017578,-71.08849334716797,39.900001525878906,327950.96875,4689440.0,19,T
1695936147284336791,631,212227000000000,GPS1_Frame,42.33820343017578,-71.08849334716797,39.900001525878906,327950.96875,4689440.0,19,T
1695936148283953164,632,212228000000000,GPS1_Frame,42.33820343017578,-71.08849334716797,39.900001525878906,327950.96875,4689440.0,19,T
1695936149299861319,633,212229000000000,GPS1_Frame,42.33820343017578,-71.08849334716797,39.900001525878906,327950.96875,4689440.0,19,T
1695936150282960409,634,212230000000000,GPS1_Frame,42.33820343017578,-71.08849334716797,40.0,327950.96875,4689440.0,19,T
1695936151298560109,635,212231000000000,GPS1_Frame,42.33820343017578,-71.08849334716797,40.0,327951.125,4689440.0,19,T
1695936152282615873,636,212232000000000,GPS1_Frame,42.33820724487305,-71.08849334716797,40.0,327951.375,4689440.5,19,T
1695936153282477888,637,212233000000000,GPS1_Frame,42.33821105957031,-71.08848571777344,40.0,327951.6875,4689441.0,19,T
1695936154282272796,638,212234000000000,GPS1_Frame,42.33821487426758,-71.08848571777344,40.0,327951.6875,4689441.0,19,T
1695936155298446130,639,212235000000000,GPS1_Frame,42.33821487426758,-71.08848571777344,40.099998474121094,327951.96875,4689441.0,19,T
1695936156297808134,640,212236000000000,GPS1_Frame,42.33821487426758,-71.0884780883789,40.099998474121094,327952.65625,4689441.0,19,T
1695936157282278855,641,212237000000000,GPS1_Frame,42.33821105957031,-71.08847045898438,40.099998474121094,327953.1875,4689441.0,19,T
1695936158282149998,642,212238000000000,GPS1_Frame,42.33821105957031,-71.08847045898438,40.20000076293945,327952.90625,4689441.0,19,T
1695936159298133638,643,212239000000000,GPS1_Frame,42.33820724487305,-71.08847045898438,40.20000076293945,327953.3125,4689440.5,19,T
1695936160298082391,644,212240000000000,GPS1_Frame,42.33820724487305,-71.08847045898438,40.20000076293945,327953.3125,4689440.5,19,T
1695936161298290831,645,212241000000000,GPS1_Frame,42.33820724487305,-71.08845520019531,40.20000076293945,327954.125,4689440.5,19,T
1695936162284426734,646,212242000000000,GPS1_Frame,42.33820724487305,-71.08845520019531,40.20000076293945,327954.6875,4689440.5,19,T
1695936163301139486,647,212243000000000,GPS1_Frame,42.33820724487305,-71.08844757080078,40.20000076293945,327955.09375,4689440.5,19,T
1695936164302108942,648,212244000000000,GPS1_Frame,42.33820724487305,-71.08843994140625,40.20000076293945,327955.375,4689440.5,19,T
1695936165301240480,649,212245000000000,GPS1_Frame,42.33820724487305,-71.08843994140625,40.29999923706055,327955.375,4689440.5,19,T
1695936166301948617,650,212246000000000,GPS1_Frame,42.33820724487305,-71.08844757080078,40.29999923706055,327955.25,4689440.5,19,T
1695936167304080206,651,212247000000000,GPS1_Frame,42.33820724487305,-71.08844757080078,40.29999923706055,327955.09375,4689440.5,19,T
1695936168306109602,652,212248000000000,GPS1_Frame,42.33820724487305,-71.08844757080078,40.29999923706055,327955.09375,4689440.5,19,T
1695936169287536255,653,212249000000000,GPS1_Frame,42.33820724487305,-71.08844757080078,40.29999923706055,327955.09375,4689440.5,19,T
1695936170302555261,654,212250000000000,GPS1_Frame,42.33821105957031,-71.08844757080078,40.20000076293945,327955.25,4689440.5,19,T
1695936171301054549,655,212251000000000,GPS1_Frame,42.33821487426758,-71.08843994140625,40.20000076293945,327955.375,4689441.0,19,T
1695936172286620136,656,212252000000000,GPS1_Frame,42.33821487426758,-71.08843994140625,40.400001525878906,327955.6875,4689441.5,19,T
1695936173302520370,657,212253000000000,GPS1_Frame,42.338218688964844,-71.08843231201172,40.29999923706055,327956.21875,4689442.0,19,T
1695936174285726260,658,212254000000000,GPS1_Frame,42.33822250366211,-71.08843231201172,40.5,327956.25,4689442.0,19,T
1695936175302962702,659,212255000000000,GPS1_Frame,42.338226318359375,-71.08843231201172,40.5,327956.25,4689442.5,19,T
1695936176286583112,660,212256000000000,GPS1_Frame,42.33823013305664,-71.08843994140625,40.70000076293945,327955.5625,4689443.0,19,T
1695936177301896199,661,212257000000000,GPS1_Frame,42.338233947753906,-71.08844757080078,40.70000076293945,327955.3125,4689443.5,19,T
1695936178287723040,662,212258000000000,GPS1_Frame,42.338233947753906,-71.08844757080078,40.5,327955.3125,4689443.5,19,T
1695936179300037909,663,212259000000000,GPS1_Frame,42.33823776245117,-71.08843994140625,40.5,327955.59375,4689443.5,19,T
1695936180301618904,664,212300000000000,GPS1_Frame,42.33824157714844,-71.08843994140625,40.5,327955.75,4689444.0,19,T
1695936181285773727,665,212301000000000,GPS1_Frame,42.33824157714844,-71.08843994140625,40.5,327955.75,4689444.0,19,T
1695936182284443522,666,212302000000000,GPS1_Frame,42.33823776245117,-71.08843994140625,40.5,327955.875,4689444.0,19,T
1695936183284467189,667,212303000000000,GPS1_Frame,42.338233947753906,-71.08843994140625,40.599998474121094,327956.0,4689443.5,19,T
1695936184283563764,668,212304000000000,GPS1_Frame,42.33823013305664,-71.08843994140625,40.599998474121094,327955.4375,4689443.0,19,T
1695936185284257636,669,212305000000000,GPS1_Frame,42.338226318359375,-71.08844757080078,40.5,327954.875,4689442.5,19,T
1695936186284896492,670,212306000000000,GPS1_Frame,42.338218688964844,-71.08845520019531,40.5,327954.3125,4689441.5,19,T
1695936187282231146,671,212307000000000,GPS1_Frame,42.33821487426758,-71.08845520019531,40.5,327954.4375,4689441.0,19,T
1695936188284548583,672,212308000000000,GPS1_Frame,42.33821105957031,-71.08845520019531,40.5,327954.5625,4689441.0,19,T
1695936189284262943,673,212309000000000,GPS1_Frame,42.33821105957031,-71.08845520019531,40.400001525878906,327954.5625,4689441.0,19,T
1695936190284388278,674,212310000000000,GPS1_Frame,42.33821487426758,-71.08845520019531,40.400001525878906,327954.6875,4689441.0,19,T
1695936191283786711,675,212311000000000,GPS1_Frame,42.338218688964844,-71.08845520019531,40.29999923706055,327954.59375,4689441.5,19,T
1695936192282599525,676,212312000000000,GPS1_Frame,42.33821487426758,-71.08844757080078,40.599998474121094,327954.84375,4689441.5,19,T
1695936193284186547,677,212313000000000,GPS1_Frame,42.33821487426758,-71.08844757080078,40.599998474121094,327954.84375,4689441.5,19,T
1695936194281052717,678,212314000000000,GPS1_Frame,42.33821487426758,-71.08844757080078,40.599998474121094,327954.84375,4689441.5,19,T
1695936195282214685,679,212315000000000,GPS1_Frame,42.33821487426758,-71.08844757080078,40.599998474121094,327954.84375,4689441.5,19,T
1695936196281983652,680,212316000000000,GPS1_Frame,42.33821487426758,-71.08844757080078,40.599998474121094,327954.84375,4689441.5,19,T
1695936197296842704,681,212317000000000,GPS1_Frame,42.33821487426758,-71.08844757080078,40.599998474121094,327954.84375,4689441.5,19,T
1695936198280526409,682,212318000000000,GPS1_Frame,42.33821487426758,-71.08844757080078,40.599998474121094,327954.84375,4689441.5,19,T
1695936199299167372,683,212319000000000,GPS1_Frame,42.33821487426758,-71.08844757080078,40.400001525878906,327955.25,4689441.5,19,T
1695936200281065303,684,212320000000000,GPS1_Frame,42.338218688964844,-71.08844757080078,40.400001525878906,327955.125,4689441.5,19,T
1695936201297429877,685,212321000000000,GPS1_Frame,42.338218688964844,-71.08844757080078,40.400001525878906,327955.0,4689442.0,19,T
1695936202279648254,686,212322000000000,GPS1_Frame,42.33822250366211,-71.08844757080078,40.400001525878906,327955.125,4689442.0,19,T
1695936203280201930,687,212323000000000,GPS1_Frame,42.33822250366211,-71.08844757080078,40.400001525878906,327955.15625,4689442.0,19,T
1695936204278001915,688,212324000000000,GPS1_Frame,42.33822250366211,-71.08844757080078,40.400001525878906,327955.28125,4689442.0,19,T
1695936205294847602,689,212325000000000,GPS1_Frame,42.33822250366211,-71.08843994140625,40.400001525878906,327955.5625,4689442.0,19,T
1695936206278584198,690,212326000000000,GPS1_Frame,42.338226318359375,-71.08843994140625,40.400001525878906,327955.96875,4689442.5,19,T
1695936207295874114,691,212327000000000,GPS1_Frame,42.33822250366211,-71.08844757080078,40.5,327955.15625,4689442.0,19,T
1695936208281049854,692,212328000000000,GPS1_Frame,42.338226318359375,-71.08846282958984,40.400001525878906,327953.90625,4689442.5,19,T
1695936209281014621,693,212329000000000,GPS1_Frame,42.33823013305664,-71.08847045898438,40.29999923706055,327953.09375,4689443.0,19,T
1695936210280539304,694,212330000000000,GPS1_Frame,42.33823013305664,-71.08848571777344,40.20000076293945,327952.0,4689443.0,19,T
1695936211296809239,695,212331000000000,GPS1_Frame,42.338233947753906,-71.08848571777344,40.099998474121094,327952.15625,4689443.5,19,T
1695936212281402479,696,212332000000000,GPS1_Frame,42.338233947753906,-71.08848571777344,40.29999923706055,327952.15625,4689443.5,19,T
1695936213291684254,697,212333000000000,GPS1_Frame,42.33823013305664,-71.08848571777344,40.599998474121094,327951.875,4689443.0,19,T
1695936214291349919,698,212334000000000,GPS1_Frame,42.33823013305664,-71.08849334716797,40.70000076293945,327951.3125,4689443.0,19,T
1695936215290766124,699,212335000000000,GPS1_Frame,42.33822250366211,-71.08849334716797,40.79999923706055,327951.4375,4689442.5,19,T
1695936216290899921,700,212336000000000,GPS1_Frame,42.33821487426758,-71.08849334716797,41.20000076293945,327951.40625,4689441.5,19,T
1695936217276412388,701,212337000000000,GPS1_Frame,42.33821105957031,-71.0884780883789,41.099998474121094,327952.21875,4689441.0,19,T
1695936218292115132,702,212338000000000,GPS1_Frame,42.33820724487305,-71.0884780883789,41.29999923706055,327952.75,4689440.5,19,T
1695936219290539016,703,212339000000000,GPS1_Frame,42.33820343017578,-71.08847045898438,41.400001525878906,327953.15625,4689440.0,19,T
1695936220290679044,704,212340000000000,GPS1_Frame,42.338199615478516,-71.08846282958984,41.5,327953.6875,4689439.5,19,T
1695936221290675610,705,212341000000000,GPS1_Frame,42.338191986083984,-71.08845520019531,41.599998474121094,327954.25,4689439.0,19,T
1695936222291026705,706,212342000000000,GPS1_Frame,42.33818817138672,-71.08845520019531,41.70000076293945,327954.625,4689438.5,19,T
1695936223294881469,707,212343000000000,GPS1_Frame,42.33818435668945,-71.08844757080078,41.79999923706055,327955.1875,4689438.0,19,T
1695936224277112632,708,212344000000000,GPS1_Frame,42.33818054199219,-71.08843994140625,42.0,327955.5625,4689437.5,19,T
1695936225277450179,709,212345000000000,GPS1_Frame,42.33817672729492,-71.08843231201172,42.099998474121094,327956.125,4689437.0,19,T
1695936226293787343,710,212346000000000,GPS1_Frame,42.338172912597656,-71.08842468261719,42.20000076293945,327956.5,4689436.5,19,T
1695936227293830577,711,212347000000000,GPS1_Frame,42.33816909790039,-71.08842468261719,42.29999923706055,327957.0625,4689436.0,19,T
1695936228277503007,712,212348000000000,GPS1_Frame,42.33816146850586,-71.08841705322266,42.400001525878906,327957.4375,4689435.5,19,T
1695936229294014339,713,212349000000000,GPS1_Frame,42.338157653808594,-71.08840942382812,42.5,327958.0,4689435.0,19,T
1695936230277618911,714,212350000000000,GPS1_Frame,42.33815383911133,-71.0884017944336,42.70000076293945,327958.375,4689434.5,19,T
1695936231290678205,715,212351000000000,GPS1_Frame,42.33815002441406,-71.0884017944336,42.79999923706055,327958.9375,4689434.0,19,T
1695936292290014274,716,212452000000000,GPS1_Frame,42.33823776245117,-71.08843231201172,44.79999923706055,327956.28125,4689443.5,19,T
1695936293290287905,717,212453000000000,GPS1_Frame,42.338253021240234,-71.08841705322266,46.400001525878906,327957.84375,4689445.5,19,T
1695936294293560620,718,212454000000000,GPS1_Frame,42.338253021240234,-71.08841705322266,47.900001525878906,327957.96875,4689445.5,19,T
1695936295294206068,719,212455000000000,GPS1_Frame,42.3382568359375,-71.08841705322266,48.20000076293945,327957.96875,4689445.5,19,T
1695936296294170862,720,212456000000000,GPS1_Frame,42.338260650634766,-71.08842468261719,50.70000076293945,327957.3125,4689446.5,19,T
1695936297293696907,721,212457000000000,GPS1_Frame,42.3382568359375,-71.08841705322266,52.20000076293945,327957.4375,4689445.5,19,T
1695936298309539054,722,212458000000000,GPS1_Frame,42.33824920654297,-71.08841705322266,51.5,327957.6875,4689445.0,19,T
1695936299295639257,723,212459000000000,GPS1_Frame,42.33824920654297,-71.08841705322266,51.400001525878906,327957.8125,4689445.0,19,T
1695936300310433882,724,212500000000000,GPS1_Frame,42.33824920654297,-71.08841705322266,51.400001525878906,327957.8125,4689445.0,19,T
1695936301295719286,725,212501000000000,GPS1_Frame,42.33824920654297,-71.08841705322266,51.400001525878906,327957.8125,4689445.0,19,T
